Time,Value,Factor,Baseline,Mass,Mass_smooth,Mass_derivative_smooth,ts,Mass_sigmoid
2023-09-14 14:07:44.543713,385374,6.862879436681862,243870.1210175352,0.0,0.0,0.05924530808260897,10.144570112228394,5.186519200939074
2023-09-14 14:07:44.739683,385435,6.862879436681862,243870.1210175352,8.888397437662206,0.16492612791626016,0.16492612791626016,10.340540170669556,5.185358590417081
2023-09-14 14:07:44.944548,385373,6.862879436681862,243870.1210175352,-0.1457114334043581,0.2658032741237548,0.10087714620749466,10.545405149459839,5.183905420698011
2023-09-14 14:07:45.138493,385393,6.862879436681862,243870.1210175352,2.768517234679166,0.24818980414784164,-0.017613469975913176,10.739349842071533,5.182259661363787
2023-09-14 14:07:45.340478,385355,6.862879436681862,243870.1210175352,-2.768517234682804,0.09767469711005106,-0.15051510703779059,10.941334962844849,5.180211355342635
2023-09-14 14:07:45.535978,385375,6.862879436681862,243870.1210175352,0.1457114334043581,-0.15692000520357396,-0.254594702313625,11.136835098266602,5.177840918297079
2023-09-14 14:07:45.742035,385364,6.862879436681862,243870.1210175352,-1.457114334043581,-0.43072940204729093,-0.27380939684371697,11.342891931533813,5.174847491829041
2023-09-14 14:07:45.944140,385354,6.862879436681862,243870.1210175352,-2.914228668087162,-0.8342379868554417,-0.40350858480815077,11.544996976852417,5.171320028744049
2023-09-14 14:07:46.148108,385396,6.862879436681862,243870.1210175352,3.2056515348922403,-1.290586981587694,-0.4563489947322523,11.74896502494812,5.167046597865465
2023-09-14 14:07:46.343986,385410,6.862879436681862,243870.1210175352,5.245611602553254,-1.9727086368657183,-0.6821216552780243,11.944843053817749,5.162134654222427
2023-09-14 14:07:46.540791,385377,6.862879436681862,243870.1210175352,0.4371343002130743,-2.9798788743464684,-1.00717023748075,12.141648054122925,5.156246098330939
2023-09-14 14:07:46.747668,385450,6.862879436681862,243870.1210175352,11.074068938727578,-4.055901767183968,-1.0760228928375,12.348525047302246,5.148822911407478
2023-09-14 14:07:46.946365,385418,6.862879436681862,243870.1210175352,6.411303069788119,-5.378513239618769,-1.3226114724348008,12.547221899032593,5.140267640294951
2023-09-14 14:07:47.137594,385381,6.862879436681862,243870.1210175352,1.0199800338268687,-7.18789697309694,-1.809383733478171,12.7384512424469,5.13045673813599
2023-09-14 14:07:47.340564,385415,6.862879436681862,243870.1210175352,5.974168769575044,-8.990875808402052,-1.8029788353051117,12.941421031951904,5.118021933846194
2023-09-14 14:07:47.551092,385368,6.862879436681862,243870.1210175352,-0.8742686004261486,-11.11730200139209,-2.1264261929900385,13.151948928833008,5.10248687020885
2023-09-14 14:07:47.751730,385382,6.862879436681862,243870.1210175352,1.1656914672312269,-13.751316374469752,-2.6340143730776617,13.3525869846344,5.084677569856922
2023-09-14 14:07:47.942468,385380,6.862879436681862,243870.1210175352,0.8742686004225106,-16.446177280173288,-2.6948609057035355,13.543325185775757,5.064492322163005
2023-09-14 14:07:48.140571,385326,6.862879436681862,243870.1210175352,-6.994148803409189,-19.305964313807635,-2.8597870336343476,13.741427898406982,5.039520715556364
2023-09-14 14:07:48.353071,385377,6.862879436681862,243870.1210175352,0.4371343002130743,-22.593278300380916,-3.287313986573281,13.953928232192993,5.007298149602093
2023-09-14 14:07:48.552901,385370,6.862879436681862,243870.1210175352,-0.5828457336174324,-26.01029147495501,-3.4170131745740946,14.15375804901123,4.970833745165464
2023-09-14 14:07:48.746612,385384,6.862879436681862,243870.1210175352,1.457114334039943,-29.80839609071336,-3.798104615758348,14.347469091415405,4.928651157310242
2023-09-14 14:07:48.953398,385395,6.862879436681862,243870.1210175352,3.059940101487882,-33.977984800440026,-4.169588709726668,14.55425500869751,4.8747342966833
2023-09-14 14:07:49.153354,385401,6.862879436681862,243870.1210175352,3.934208701914031,-38.36213759890961,-4.384152798469586,14.754210948944092,4.812152689407867
2023-09-14 14:07:49.340997,385410,6.862879436681862,243870.1210175352,5.245611602553254,-43.060130407789984,-4.697992808880372,14.941854238510132,4.742269784630253
2023-09-14 14:07:49.541441,385414,6.862879436681862,243870.1210175352,5.828457336170686,-47.95987750908171,-4.899747101291723,15.142297983169556,4.653396805040529
2023-09-14 14:07:49.752167,385388,6.862879436681862,243870.1210175352,2.0399600676573755,-53.2487221742922,-5.28884466521049,15.353024005889893,4.5410154738060555
2023-09-14 14:07:49.941622,385413,6.862879436681862,243870.1210175352,5.682745902766328,-58.845001951754966,-5.596279777462769,15.542479038238525,4.420145464143843
2023-09-14 14:07:50.153285,385387,6.862879436681862,243870.1210175352,1.8942486342530174,-64.56777846808473,-5.722776516329759,15.754142045974731,4.258454155810114
2023-09-14 14:07:50.342983,385358,6.862879436681862,243870.1210175352,-2.3313829344697297,-70.551554584923,-5.983776116838271,15.943840026855469,4.085044340697777
2023-09-14 14:07:50.543880,385350,6.862879436681862,243870.1210175352,-3.4970744017045945,-76.9596552056355,-6.408100620712503,16.144737005233765,3.866272558331275
2023-09-14 14:07:50.747288,385404,6.862879436681862,243870.1210175352,4.371343002127105,-83.53588440332896,-6.576229197693465,16.348145008087158,3.600850103501216
2023-09-14 14:07:50.946947,385352,6.862879436681862,243870.1210175352,-3.2056515348958783,-90.39713156969447,-6.8612471663655015,16.54780411720276,3.288927865101641
2023-09-14 14:07:51.153204,385318,6.862879436681862,243870.1210175352,-8.159840270644054,-97.40248894488832,-7.005357375193853,16.754060983657837,2.90268516349488
2023-09-14 14:07:51.354299,385372,6.862879436681862,243870.1210175352,-0.2914228668087162,-104.71368020779846,-7.3111912629101425,16.955155849456787,2.451214008631041
2023-09-14 14:07:51.556823,385374,6.862879436681862,243870.1210175352,0.0,-112.29227596937199,-7.578595761573524,17.15768003463745,1.9071522160611494
2023-09-14 14:07:51.753307,385383,6.862879436681862,243870.1210175352,1.311402900635585,-120.08543581967751,-7.793159850305528,17.354163885116577,1.2771646390031037
2023-09-14 14:07:51.957770,385375,6.862879436681862,243870.1210175352,0.1457114334043581,-128.1155769023535,-8.030141082675982,17.558626890182495,0.4942852781048259
2023-09-14 14:07:52.159285,385327,6.862879436681862,243870.1210175352,-6.848437370004831,-136.47557024085836,-8.359993338504864,17.7601420879364,-0.42852368217313597
2023-09-14 14:07:52.358735,385336,6.862879436681862,243870.1210175352,-5.537034469365608,-144.74589500495858,-8.270324764100224,17.95959210395813,-1.5177182180893851
2023-09-14 14:07:52.546093,385364,6.862879436681862,243870.1210175352,-1.457114334043581,-153.3700903930403,-8.624195388081716,18.146950006484985,-2.72921351631976
2023-09-14 14:07:52.751637,385382,6.862879436681862,243870.1210175352,1.1656914672312269,-162.11918129547485,-8.749090902434546,18.35249400138855,-4.3062608012980945
2023-09-14 14:07:52.953310,385347,6.862879436681862,243870.1210175352,-3.934208701917669,-171.06842526576656,-8.949243970291718,18.55416703224182,-6.151104513410246
2023-09-14 14:07:53.151146,385394,6.862879436681862,243870.1210175352,2.914228668083524,-180.10413536138003,-9.035710095613467,18.752002954483032,-8.298696160069767
2023-09-14 14:07:53.361772,385361,6.862879436681862,243870.1210175352,-1.8942486342566554,-189.34159974938666,-9.237464388006629,18.962629079818726,-11.018417902660076
2023-09-14 14:07:53.562022,385392,6.862879436681862,243870.1210175352,2.622805801274808,-198.72797801990237,-9.386378270515706,19.16287899017334,-14.090378779595085
2023-09-14 14:07:53.759763,385415,6.862879436681862,243870.1210175352,5.974168769575044,-208.22003711025172,-9.492059090349358,19.36062002182007,-17.66713968441354
2023-09-14 14:07:53.959391,385374,6.862879436681862,243870.1210175352,0.0,-217.9795006992499,-9.759463588998187,19.560247898101807,-21.9128737860201
2023-09-14 14:07:54.160889,385360,6.862879436681862,243870.1210175352,-2.0399600676610135,-227.80621571905067,-9.826715019800758,19.761746168136597,-26.94422813116239
2023-09-14 14:07:54.361377,385280,6.862879436681862,243870.1210175352,-13.696874740009662,-237.74982013049157,-9.943604411440901,19.962234020233154,-32.8026152623363
2023-09-14 14:07:54.554707,385196,6.862879436681862,243870.1210175352,-25.936635145972105,-247.89838128342308,-10.148561152931507,20.155564069747925,-39.366071787169176
2023-09-14 14:07:54.756863,385169,6.862879436681862,243870.1210175352,-29.870843847889773,-258.09337794809835,-10.194996664675273,20.357719898223877,-47.30973697594413
2023-09-14 14:07:54.960414,385113,6.862879436681862,243870.1210175352,-38.03068411853019,-268.30438685819536,-10.211008910097007,20.56127095222473,-56.5523611508072
2023-09-14 14:07:55.159098,385001,6.862879436681862,243870.1210175352,-54.35036465981466,-278.7059414889118,-10.401554630716419,20.759955167770386,-66.901254755747
2023-09-14 14:07:55.359377,384881,6.862879436681862,243870.1210175352,-71.835736668334,-289.3396736783361,-10.633732189424336,20.96023392677307,-78.77574708337329
2023-09-14 14:07:55.556120,384709,6.862879436681862,243870.1210175352,-96.89810321387995,-300.0326511758576,-10.692977497521497,21.15697717666626,-91.94900212870903
2023-09-14 14:07:55.760706,384638,6.862879436681862,243870.1210175352,-107.24361498558574,-310.6888005088913,-10.656149333033682,21.361562967300415,-107.3153457302783
2023-09-14 14:07:55.960865,384532,6.862879436681862,243870.1210175352,-122.68902692644406,-321.484256377149,-10.795455868257704,21.56172204017639,-124.04736299760418
2023-09-14 14:07:56.163618,384285,6.862879436681862,243870.1210175352,-158.67975097731323,-332.4558469451331,-10.971590567984094,21.764475107192993,-142.72552874920518
2023-09-14 14:07:56.356111,384217,6.862879436681862,243870.1210175352,-168.58812844880958,-343.4690693512348,-11.013222406101704,21.956968069076538,-162.04676244861218
2023-09-14 14:07:56.567333,383961,6.862879436681862,243870.1210175352,-205.89025540031798,-354.5815676789898,-11.11249832775502,22.168190240859985,-184.95629405546117
2023-09-14 14:07:56.756166,383754,6.862879436681862,243870.1210175352,-236.05252211501283,-365.69246478220157,-11.110897103211755,22.357023000717163,-206.84957033215585
2023-09-14 14:07:56.957749,383682,6.862879436681862,243870.1210175352,-246.54374532012298,-376.8850243371162,-11.192559554914624,22.558605909347534,-231.5470667511056
2023-09-14 14:07:57.155691,383559,6.862879436681862,243870.1210175352,-264.4662516288554,-388.1864671609328,-11.301442823816615,22.756547927856445,-256.95658495961084
2023-09-14 14:07:57.369763,383335,6.862879436681862,243870.1210175352,-297.10561271142797,-399.43026590120644,-11.243798740273633,22.970620155334473,-285.4983528293394
2023-09-14 14:07:57.564347,383234,6.862879436681862,243870.1210175352,-311.8224674852645,-410.8213772994386,-11.39111139823217,23.16520380973816,-312.17920744232356
2023-09-14 14:07:57.760784,382987,6.862879436681862,243870.1210175352,-347.8131915361337,-422.2204948203689,-11.399117520930304,23.36164093017578,-339.6103977129666
2023-09-14 14:07:57.963909,382744,6.862879436681862,243870.1210175352,-383.2210698533854,-433.80375316374557,-11.583258343376656,23.56476616859436,-368.2800970080484
2023-09-14 14:07:58.170012,382629,6.862879436681862,243870.1210175352,-399.97788469488296,-445.4638702851771,-11.66011712143154,23.77086901664734,-397.4666729199887
2023-09-14 14:07:58.385226,382400,6.862879436681862,243870.1210175352,-433.3458029444737,-457.1688216938128,-11.70495140863568,23.986083030700684,-427.8252038590159
2023-09-14 14:07:58.573234,382267,6.862879436681862,243870.1210175352,-452.7254235872497,-468.90739881783884,-11.738577124026051,24.17409086227417,-454.0868560892719
2023-09-14 14:07:58.769606,382052,6.862879436681862,243870.1210175352,-484.0533817691794,-480.69241145362685,-11.785012635788007,24.370462894439697,-481.12404789119864
2023-09-14 14:07:58.970608,381899,6.862879436681862,243870.1210175352,-506.34723108004255,-492.46941796668034,-11.777006513053493,24.571465253829956,-508.2668851255688
2023-09-14 14:07:59.168442,381755,6.862879436681862,243870.1210175352,-527.3296774902628,-504.26083550063777,-11.791417533957429,24.769299030303955,-534.3615130584765
2023-09-14 14:07:59.374830,381607,6.862879436681862,243870.1210175352,-548.8949696341042,-516.0922836481514,-11.831448147513584,24.97568702697754,-560.8487755228073
2023-09-14 14:07:59.566183,381372,6.862879436681862,243870.1210175352,-583.1371564841211,-527.9333391429391,-11.841055494787724,25.16703987121582,-584.6815402947987
2023-09-14 14:07:59.771029,381241,6.862879436681862,243870.1210175352,-602.2253542600884,-539.7599836168338,-11.826644473894703,25.371886014938354,-609.3807630286682
2023-09-14 14:07:59.971879,381088,6.862879436681862,243870.1210175352,-624.5192035709515,-551.7819774849631,-12.021993868129357,25.572736024856567,-632.7543986311559
2023-09-14 14:08:00.170086,380974,6.862879436681862,243870.1210175352,-641.1303069790447,-563.7575358413415,-11.975558356378315,25.77094292640686,-654.9873138249064
2023-09-14 14:08:00.368169,380747,6.862879436681862,243870.1210175352,-674.2068023618267,-575.726689299554,-11.969153458212531,25.9690260887146,-676.3752984563595
2023-09-14 14:08:00.579917,380651,6.862879436681862,243870.1210175352,-688.1950999686414,-587.8175358230365,-12.090846523482469,26.180773973464966,-698.3240764357129
2023-09-14 14:08:00.766640,380488,6.862879436681862,243870.1210175352,-711.9460636135482,-599.9195909183109,-12.102055095274409,26.367497205734253,-716.9039539907856
2023-09-14 14:08:00.973610,380347,6.862879436681862,243870.1210175352,-732.491375723559,-612.0712839744083,-12.151693056097429,26.574466943740845,-736.6651086215466
2023-09-14 14:08:01.168073,380191,6.862879436681862,243870.1210175352,-755.2223593346316,-624.1621304978835,-12.090846523475193,26.768929958343506,-754.4516214797347
2023-09-14 14:08:01.376247,380141,6.862879436681862,243870.1210175352,-762.5079310048495,-636.2850015122094,-12.122871014325938,26.97710394859314,-772.6769661704176
2023-09-14 14:08:01.571284,379979,6.862879436681862,243870.1210175352,-786.1131832163519,-648.3710443620512,-12.08604284984176,27.172141075134277,-789.0102545924256
2023-09-14 14:08:01.767951,379912,6.862879436681862,243870.1210175352,-795.8758492544403,-660.476301906423,-12.105257544371852,27.368808031082153,-804.7770700714054
2023-09-14 14:08:01.969697,379818,6.862879436681862,243870.1210175352,-809.5727239944463,-672.7288721087243,-12.252570202301285,27.57055401802063,-820.2430137626113
2023-09-14 14:08:02.174262,379710,6.862879436681862,243870.1210175352,-825.3095588021133,-684.8949761857148,-12.16610407699045,27.775119066238403,-835.2199972383407
2023-09-14 14:08:02.374900,379584,6.862879436681862,243870.1210175352,-843.6691994110588,-697.2196014924448,-12.324625306730013,27.975756883621216,-849.2465799708563
2023-09-14 14:08:02.574305,379509,6.862879436681862,243870.1210175352,-854.5975569163857,-709.3873067939858,-12.167705301540991,28.175162076950073,-862.5625716626128
2023-09-14 14:08:02.776264,379446,6.862879436681862,243870.1210175352,-863.7773772208566,-721.6911161816643,-12.303809387678484,28.377120971679688,-875.4405129464101
2023-09-14 14:08:02.987771,379340,6.862879436681862,243870.1210175352,-879.2227891617149,-733.9933243448031,-12.302208163138857,28.588627815246582,-888.2985915680557
2023-09-14 14:08:03.168407,379236,6.862879436681862,243870.1210175352,-894.3767782357645,-746.2250786280529,-12.231754283249757,28.769263982772827,-898.7920708324278
2023-09-14 14:08:03.373108,379183,6.862879436681862,243870.1210175352,-902.0994842061955,-758.5272867911881,-12.30220816313522,28.97396492958069,-910.1634298424968
2023-09-14 14:08:03.584858,379017,6.862879436681862,243870.1210175352,-926.2875821513153,-770.7366239308358,-12.209337139647687,29.185715198516846,-921.3700656533695
2023-09-14 14:08:03.781263,379008,6.862879436681862,243870.1210175352,-927.5989850519509,-782.715384736297,-11.978760805461206,29.38212013244629,-931.2814816618918
2023-09-14 14:08:03.982204,378987,6.862879436681862,243870.1210175352,-930.6589251534424,-794.6653235000085,-11.949938763711543,29.58306097984314,-940.9622300681259
2023-09-14 14:08:04.179483,378858,6.862879436681862,243870.1210175352,-949.455700062601,-806.612059814619,-11.946736314610462,29.78033995628357,-950.0343143084974
2023-09-14 14:08:04.383651,378755,6.862879436681862,243870.1210175352,-964.4639777032462,-818.3954712258528,-11.783411411233828,29.98450803756714,-958.9924844904003
2023-09-14 14:08:04.584400,378732,6.862879436681862,243870.1210175352,-967.8153406715464,-830.0219626318794,-11.626491406026616,30.185256958007812,-967.3927300821367
2023-09-14 14:08:04.784351,378722,6.862879436681862,243870.1210175352,-969.27245500559,-841.3025895366445,-11.280626904765086,30.385207891464233,-975.375810658328
2023-09-14 14:08:04.985330,378708,6.862879436681862,243870.1210175352,-971.312415073251,-852.4999527651817,-11.197363228537142,30.58618688583374,-983.0314776329519
2023-09-14 14:08:05.182467,378566,6.862879436681862,243870.1210175352,-992.0034386166662,-863.548402111217,-11.04844934603534,30.783324003219604,-990.1981485516222
2023-09-14 14:08:05.380648,378503,6.862879436681862,243870.1210175352,-1001.1832589211372,-874.2157600160535,-10.667357904836535,30.981504917144775,-997.0761749927304
2023-09-14 14:08:05.579107,378475,6.862879436681862,243870.1210175352,-1005.2631790564592,-884.8030566937414,-10.587296677687846,31.179964065551758,-1003.65050559245
2023-09-14 14:08:05.783173,378429,6.862879436681862,243870.1210175352,-1011.9659049930597,-895.0268754001881,-10.223818706446764,31.38403010368347,-1010.0985164011433
2023-09-14 14:08:05.979645,378392,6.862879436681862,243870.1210175352,-1017.3572280290173,-904.8952222581065,-9.868346857918368,31.580502033233643,-1016.0212377751249
2023-09-14 14:08:06.183208,378322,6.862879436681862,243870.1210175352,-1027.5570283673223,-914.6642931943643,-9.769070936257776,31.784065008163452,-1021.8760472379693
2023-09-14 14:08:06.383987,378304,6.862879436681862,243870.1210175352,-1030.1798341686008,-924.2091926946232,-9.544899500258907,31.984843969345093,-1027.3828333898773
2023-09-14 14:08:06.588578,378263,6.862879436681862,243870.1210175352,-1036.1540029381758,-933.4610681035301,-9.251875408906926,32.18943500518799,-1032.7331554425512
2023-09-14 14:08:06.783141,378251,6.862879436681862,243870.1210175352,-1037.9025401390281,-942.5111892200221,-9.050121116491937,32.38399815559387,-1037.5880135101204
2023-09-14 14:08:06.987898,378150,6.862879436681862,243870.1210175352,-1052.6193949128647,-951.1642066498789,-8.653017429856845,32.58875513076782,-1042.4630165265971
2023-09-14 14:08:07.184872,378113,6.862879436681862,243870.1210175352,-1058.010717948826,-959.3896971267823,-8.22549047690336,32.785728931427,-1046.9363675608465
2023-09-14 14:08:07.381272,378091,6.862879436681862,243870.1210175352,-1061.2163694837218,-967.4614700475686,-8.071772920786316,32.98212909698486,-1051.1951245366072
2023-09-14 14:08:07.584441,378079,6.862879436681862,243870.1210175352,-1062.964906684574,-975.0849000963317,-7.623430048763112,33.185298204422,-1055.3985239841686
2023-09-14 14:08:07.782838,378054,6.862879436681862,243870.1210175352,-1066.607692519683,-982.5754285080475,-7.490528411715786,33.383695125579834,-1059.31388995189
2023-09-14 14:08:07.985490,378033,6.862879436681862,243870.1210175352,-1069.667632621171,-989.6848654785426,-7.109436970495153,33.58634686470032,-1063.1290383631397
2023-09-14 14:08:08.188773,378049,6.862879436681862,243870.1210175352,-1067.3362496867048,-996.5701310130316,-6.885265534489008,33.78963017463684,-1066.7777105748964
2023-09-14 14:08:08.385423,377998,6.862879436681862,243870.1210175352,-1074.7675327903235,-1003.2312251115145,-6.661094098482863,33.9862802028656,-1070.1451682922063
2023-09-14 14:08:08.582277,377963,6.862879436681862,243870.1210175352,-1079.867432959476,-1009.5992951186417,-6.368070007127244,34.18313407897949,-1073.3636994001185
2023-09-14 14:08:08.785758,377964,6.862879436681862,243870.1210175352,-1079.7217215260716,-1015.6599300135422,-6.060634894900431,34.38661503791809,-1076.5376230626623
2023-09-14 14:08:08.994196,377896,6.862879436681862,243870.1210175352,-1089.6300989975643,-1021.5812583731931,-5.921328359650943,34.59505295753479,-1079.6351556364978
2023-09-14 14:08:09.190998,377873,6.862879436681862,243870.1210175352,-1092.9814619658646,-1027.2095626415176,-5.6283042683244275,34.79185509681702,-1082.4236479000276
2023-09-14 14:08:09.383482,377843,6.862879436681862,243870.1210175352,-1097.3528049679953,-1032.6136954738104,-5.404132832292817,34.984339237213135,-1085.0289170727508
2023-09-14 14:08:09.581680,377821,6.862879436681862,243870.1210175352,-1100.5584565028912,-1037.564681760483,-4.95098628667256,35.18253707885742,-1087.591081792116
2023-09-14 14:08:09.785399,377816,6.862879436681862,243870.1210175352,-1101.287013669913,-1042.3507419192101,-4.786060158727196,35.386255979537964,-1090.103060804103
2023-09-14 14:08:09.985472,377794,6.862879436681862,243870.1210175352,-1104.4926652048052,-1046.9382502346416,-4.587508315431478,35.586328983306885,-1092.4556718855094
2023-09-14 14:08:10.185629,377824,6.862879436681862,243870.1210175352,-1100.1213222026781,-1051.3960593620832,-4.457809127441578,35.78648591041565,-1094.701065783863
2023-09-14 14:08:10.385460,377756,6.862879436681862,243870.1210175352,-1110.0296996741708,-1055.5592431736368,-4.163183811553608,35.98631691932678,-1096.839801701958
2023-09-14 14:08:10.582159,377788,6.862879436681862,243870.1210175352,-1105.3669338052314,-1059.6215498389865,-4.062306665349752,36.18301606178284,-1098.8491004709495
2023-09-14 14:08:10.785510,377804,6.862879436681862,243870.1210175352,-1103.0355508707617,-1063.4132495565864,-3.7916997175998404,36.386366844177246,-1100.830900150158
2023-09-14 14:08:10.985375,377730,6.862879436681862,243870.1210175352,-1113.8181969426842,-1067.1104770261554,-3.697227469569043,36.58623194694519,-1102.6885203254717
2023-09-14 14:08:11.198601,377749,6.862879436681862,243870.1210175352,-1111.0496797080013,-1070.671600409576,-3.561123383420636,36.799458026885986,-1104.5763762905588
2023-09-14 14:08:11.390954,377697,6.862879436681862,243870.1210175352,-1118.626674245028,-1074.0021474588102,-3.3305470492341556,36.9918110370636,-1106.2000760252372
2023-09-14 14:08:11.598709,377762,6.862879436681862,243870.1210175352,-1109.1554310737447,-1077.2110014427926,-3.208853983982408,37.19956612586975,-1107.8732096226875
2023-09-14 14:08:11.795925,377708,6.862879436681862,243870.1210175352,-1117.02384847758,-1080.318978280582,-3.107976837789465,37.39678192138672,-1109.3875867745835
2023-09-14 14:08:11.985438,377732,6.862879436681862,243870.1210175352,-1113.5267740758754,-1083.2684338886102,-2.9494556080280745,37.58629488945007,-1110.7781079424174
2023-09-14 14:08:12.201575,377735,6.862879436681862,243870.1210175352,-1113.0896397756624,-1086.125018473147,-2.856584584536904,37.80243182182312,-1112.2901414676296
2023-09-14 14:08:12.399723,377677,6.862879436681862,243870.1210175352,-1121.5409029131115,-1088.808670807055,-2.6836523339079577,38.000580072402954,-1113.610394416245
2023-09-14 14:08:12.599022,377655,6.862879436681862,243870.1210175352,-1124.7465544480074,-1091.4987280391324,-2.690057232077379,38.19987916946411,-1114.877680118867
2023-09-14 14:08:12.799601,377715,6.862879436681862,243870.1210175352,-1116.0038684437495,-1093.8301109736058,-2.3313829344733676,38.40045785903931,-1116.0945165739527
2023-09-14 14:08:13.001473,377706,6.862879436681862,243870.1210175352,-1117.3152713443887,-1096.1438804381032,-2.3137694644974545,38.60232996940613,-1117.2625911111684
2023-09-14 14:08:13.188532,377652,6.862879436681862,243870.1210175352,-1125.1836887482204,-1098.4080119417704,-2.2641315036671585,38.78938889503479,-1118.2965509221228
2023-09-14 14:08:13.401645,377642,6.862879436681862,243870.1210175352,-1126.640803082264,-1100.4992111948013,-2.0911992530309362,39.00250196456909,-1119.420401055161
2023-09-14 14:08:13.588702,377620,6.862879436681862,243870.1210175352,-1129.84645461716,-1102.3950610536012,-1.8958498587999202,39.18955898284912,-1120.3614769260944
2023-09-14 14:08:13.801201,377664,6.862879436681862,243870.1210175352,-1123.4351515473682,-1104.3069231578374,-1.9118621042362065,39.40205788612366,-1121.3815037939137
2023-09-14 14:08:14.003162,377645,6.862879436681862,243870.1210175352,-1126.203668782051,-1106.116306891312,-1.809383733474533,39.60401916503906,-1122.3048223976568
2023-09-14 14:08:14.201307,377632,6.862879436681862,243870.1210175352,-1128.0979174163076,-1107.9657212383645,-1.849414347052516,39.80216383934021,-1123.1690544402575
2023-09-14 14:08:14.402011,377623,6.862879436681862,243870.1210175352,-1129.4093203169468,-1109.539724964041,-1.574003725676448,40.00286793708801,-1124.004340897574
2023-09-14 14:08:14.602036,377605,6.862879436681862,243870.1210175352,-1132.0321261182253,-1111.0512809325446,-1.5115559685036715,40.202893018722534,-1124.7984818014986
2023-09-14 14:08:14.802023,377576,6.862879436681862,243870.1210175352,-1136.2577576869517,-1112.506794042045,-1.4555131095003162,40.4028799533844,-1125.555986836792
2023-09-14 14:08:14.999010,377591,6.862879436681862,243870.1210175352,-1134.0720861858863,-1113.94149123249,-1.4346971904451493,40.59986710548401,-1126.2680959865274
2023-09-14 14:08:15.202026,377581,6.862879436681862,243870.1210175352,-1135.5292005199299,-1115.2400843367832,-1.2985931042931043,40.80288290977478,-1126.9682800023738
2023-09-14 14:08:15.396974,377598,6.862879436681862,243870.1210175352,-1133.0521061520558,-1116.441002743959,-1.2009184071757772,40.99783110618591,-1127.6098938813293
2023-09-14 14:08:15.605245,377557,6.862879436681862,243870.1210175352,-1139.0262749216308,-1117.617902783004,-1.1769000390449946,41.20610189437866,-1128.263619165613
2023-09-14 14:08:15.798341,377582,6.862879436681862,243870.1210175352,-1135.3834890865255,-1118.7323550648507,-1.1144522818467522,41.399198055267334,-1128.8417632248636
2023-09-14 14:08:16.003265,377583,6.862879436681862,243870.1210175352,-1135.2377776531212,-1119.8804330621242,-1.1480779972735036,41.604122161865234,-1129.4272710617188
2023-09-14 14:08:16.199225,377607,6.862879436681862,243870.1210175352,-1131.7407032514166,-1120.881198401432,-1.0007653393076907,41.800082206726074,-1129.9613800096226
2023-09-14 14:08:16.406733,377588,6.862879436681862,243870.1210175352,-1134.5092204860994,-1121.7202400619244,-0.8390416604925122,42.0075900554657,-1130.5007612251216
2023-09-14 14:08:16.602451,377639,6.862879436681862,243870.1210175352,-1127.077937382477,-1122.5480731505995,-0.8278330886751064,42.20330786705017,-1130.98593079694
2023-09-14 14:08:16.798168,377589,6.862879436681862,243870.1210175352,-1134.363509052695,-1123.270225419441,-0.7221522688414552,42.399025201797485,-1131.4492724345507
2023-09-14 14:08:16.998995,377612,6.862879436681862,243870.1210175352,-1131.0121460843948,-1124.026003403702,-0.7557779842609307,42.599851846694946,-1131.9030503055528
2023-09-14 14:08:17.200893,377599,6.862879436681862,243870.1210175352,-1132.9063947186514,-1124.6664932208623,-0.6404898171604145,42.80174994468689,-1132.3381481134015
2023-09-14 14:08:17.398429,377595,6.862879436681862,243870.1210175352,-1133.4892404522689,-1125.4350810014548,-0.7685877805924974,42.99928593635559,-1132.7443102865927
2023-09-14 14:08:17.600031,377630,6.862879436681862,243870.1210175352,-1128.3893402831163,-1126.0899818395046,-0.654900838049798,43.20088791847229,-1133.1398272326956
2023-09-14 14:08:17.801001,377587,6.862879436681862,243870.1210175352,-1134.6549319195037,-1126.7544900248067,-0.6645081853021111,43.40185809135437,-1133.5158738594675
2023-09-14 14:08:18.001979,377543,6.862879436681862,243870.1210175352,-1141.0662349892918,-1127.3885749437977,-0.6340849189909932,43.60283589363098,-1133.874572815341
2023-09-14 14:08:18.199976,377573,6.862879436681862,243870.1210175352,-1136.6948919871647,-1127.846525163066,-0.4579502192682412,43.800832986831665,-1134.211754059342
2023-09-14 14:08:18.405703,377599,6.862879436681862,243870.1210175352,-1132.9063947186514,-1128.2548374215075,-0.40831225844158325,44.0065598487854,-1134.5458567265987
2023-09-14 14:08:18.597497,377655,6.862879436681862,243870.1210175352,-1124.7465544480074,-1128.6727570272124,-0.41791960570481024,44.1983540058136,-1134.843103251576
2023-09-14 14:08:18.803357,377662,6.862879436681862,243870.1210175352,-1123.7265744141769,-1129.0666582647646,-0.39390123755219975,44.40421390533447,-1135.1475770958457
2023-09-14 14:08:19.000114,377623,6.862879436681862,243870.1210175352,-1129.4093203169468,-1129.4317374605453,-0.3650791957807087,44.60097098350525,-1135.4251280269812
2023-09-14 14:08:19.201913,377563,6.862879436681862,243870.1210175352,-1138.1520063212047,-1129.7792031863573,-0.34746572581207147,44.802770137786865,-1135.696758708686
2023-09-14 14:08:19.399959,377591,6.862879436681862,243870.1210175352,-1134.0720861858863,-1130.2275460583733,-0.44834287201592815,45.000816106796265,-1135.9510920563544
2023-09-14 14:08:19.612191,377604,6.862879436681862,243870.1210175352,-1132.1778375516296,-1130.462926066175,-0.23538000780172297,45.21304798126221,-1136.2108089753535
2023-09-14 14:08:19.803406,377611,6.862879436681862,243870.1210175352,-1131.1578575177991,-1130.7815697502156,-0.3186436840405804,45.40426301956177,-1136.43395983394
2023-09-14 14:08:20.006697,377603,6.862879436681862,243870.1210175352,-1132.323548985034,-1131.0585815961385,-0.2770118459229707,45.60755395889282,-1136.6604510205746
2023-09-14 14:08:20.214423,377594,6.862879436681862,243870.1210175352,-1133.6349518856732,-1131.3371946665975,-0.27861307045895956,45.815279960632324,-1136.880964291175
2023-09-14 14:08:20.412246,377630,6.862879436681862,243870.1210175352,-1128.3893402831163,-1131.606200389815,-0.26900572321756044,46.013103008270264,-1137.0811830430955
2023-09-14 14:08:20.601029,377580,6.862879436681862,243870.1210175352,-1135.6749119533342,-1131.8367767239906,-0.23057633417556644,46.20188617706299,-1137.2637587900836
2023-09-14 14:08:20.814430,377568,6.862879436681862,243870.1210175352,-1137.4234491541865,-1132.2194693897509,-0.38269266576025984,46.415287017822266,-1137.4606134596484
2023-09-14 14:08:21.014923,377604,6.862879436681862,243870.1210175352,-1132.1778375516296,-1132.4276285803244,-0.20815919057349674,46.61578011512756,-1137.6367727287166
2023-09-14 14:08:21.218645,377556,6.862879436681862,243870.1210175352,-1139.1719863550352,-1132.6758183844686,-0.24818980414420366,46.819502115249634,-1137.8074601243686
2023-09-14 14:08:21.417430,377560,6.862879436681862,243870.1210175352,-1138.5891406214178,-1132.9432228831392,-0.26740449867065763,47.01828694343567,-1137.9663104647343
2023-09-14 14:08:21.618025,377503,6.862879436681862,243870.1210175352,-1146.8946923254662,-1133.0489037029656,-0.10568081982637523,47.21888208389282,-1138.1192532951661
2023-09-14 14:08:21.802487,377561,6.862879436681862,243870.1210175352,-1138.4434291880134,-1133.2282408517822,-0.1793371488165576,47.40334415435791,-1138.2536671813332
2023-09-14 14:08:22.017578,377563,6.862879436681862,243870.1210175352,-1138.1520063212047,-1133.4652220841308,-0.23698123234862578,47.61843490600586,-1138.403209907614
2023-09-14 14:08:22.214014,377573,6.862879436681862,243870.1210175352,-1136.6948919871647,-1133.7182155618975,-0.2529934777667222,47.814871072769165,-1138.53332870407
2023-09-14 14:08:22.418016,377552,6.862879436681862,243870.1210175352,-1139.7548320886526,-1133.8703318934822,-0.1521163315846934,48.0188729763031,-1138.6622441268014
2023-09-14 14:08:22.612908,377571,6.862879436681862,243870.1210175352,-1136.9863148539735,-1134.000031081454,-0.12969918797170976,48.213765144348145,-1138.7797580428912
2023-09-14 14:08:22.814602,377538,6.862879436681862,243870.1210175352,-1141.7947921563136,-1134.1361351676023,-0.13610408614840708,48.4154589176178,-1138.8958322898634
2023-09-14 14:08:23.021643,377592,6.862879436681862,243870.1210175352,-1133.926374752482,-1134.3058649691447,-0.16972980154241668,48.62249994277954,-1139.009392789062
2023-09-14 14:08:23.205224,377553,6.862879436681862,243870.1210175352,-1139.6091206552483,-1134.4131470135253,-0.107282044380554,48.80608105659485,-1139.1055628881531
2023-09-14 14:08:23.417570,377583,6.862879436681862,243870.1210175352,-1135.2377776531212,-1134.5220302824346,-0.10888326890926692,49.01842713356018,-1139.2117439635874
2023-09-14 14:08:23.614340,377559,6.862879436681862,243870.1210175352,-1138.734852054822,-1134.6613368176731,-0.13930653523857472,49.21519708633423,-1139.3055133604473
2023-09-14 14:08:23.819106,377566,6.862879436681862,243870.1210175352,-1137.7148720209916,-1134.6661404913066,-0.0048036736334324814,49.419963121414185,-1139.3985933748108
2023-09-14 14:08:24.018603,377533,6.862879436681862,243870.1210175352,-1142.5233493233354,-1134.6533306949532,0.012809796353394631,49.619460105895996,-1139.4850675475757
2023-09-14 14:08:24.215297,377581,6.862879436681862,243870.1210175352,-1135.5292005199299,-1134.6469257967874,0.006404898165783379,49.81615400314331,-1139.5664453209424
2023-09-14 14:08:24.424242,377572,6.862879436681862,243870.1210175352,-1136.840603420569,-1134.695083205068,-0.048157408280530944,50.02509903907776,-1139.648865844958
2023-09-14 14:08:24.618518,377569,6.862879436681862,243870.1210175352,-1137.2777377207822,-1134.7432406133485,-0.048157408280530944,50.219375133514404,-1139.721950072396
2023-09-14 14:08:24.824276,377567,6.862879436681862,243870.1210175352,-1137.5691605875909,-1134.791398021629,-0.048157408280530944,50.42513298988342,-1139.7957974363287
2023-09-14 14:08:25.014622,377534,6.862879436681862,243870.1210175352,-1142.377637889931,-1134.8395554299095,-0.048157408280530944,50.61547899246216,-1139.8610032942602
2023-09-14 14:08:25.219609,377525,6.862879436681862,243870.1210175352,-1143.6890407905703,-1134.8877128381937,-0.04815740828416892,50.82046604156494,-1139.9280357034595
2023-09-14 14:08:25.416519,377589,6.862879436681862,243870.1210175352,-1134.363509052695,-1134.9358702464742,-0.048157408280530944,51.01737594604492,-1139.9894539265983
2023-09-14 14:08:25.613735,377574,6.862879436681862,243870.1210175352,-1136.5491805537604,-1134.9840276547548,-0.048157408280530944,51.21459197998047,-1140.048181686536
2023-09-14 14:08:25.818110,377628,6.862879436681862,243870.1210175352,-1128.680763149925,-1135.032185063039,-0.04815740828416892,51.4189670085907,-1140.1062343401636
2023-09-14 14:08:26.021224,377582,6.862879436681862,243870.1210175352,-1135.3834890865255,-1135.0803424713195,-0.048157408280530944,51.62208104133606,-1140.1612292625866
2023-09-14 14:08:26.218354,377633,6.862879436681862,243870.1210175352,-1127.9522059829033,-1135.1284998796,-0.048157408280530944,51.81921100616455,-1140.2121496690195
2023-09-14 14:08:26.423636,377569,6.862879436681862,243870.1210175352,-1137.2777377207822,-1135.1766572878805,-0.048157408280530944,52.02449297904968,-1140.262725327171
2023-09-14 14:08:26.616195,377589,6.862879436681862,243870.1210175352,-1134.363509052695,-1135.2248146961647,-0.04815740828416892,52.21705198287964,-1140.307997482354
2023-09-14 14:08:26.814815,377548,6.862879436681862,243870.1210175352,-1140.33767782227,-1135.2729721044452,-0.048157408280530944,52.415672063827515,-1140.3525954198774
2023-09-14 14:08:27.018666,377568,6.862879436681862,243870.1210175352,-1137.4234491541865,-1135.3211295127257,-0.048157408280530944,52.61952304840088,-1140.3962522049578
2023-09-14 14:08:27.215653,377610,6.862879436681862,243870.1210175352,-1131.3035689512035,-1135.36928692101,-0.04815740828416892,52.81651020050049,-1140.4364963486548
2023-09-14 14:08:27.416213,377618,6.862879436681862,243870.1210175352,-1130.1378774839686,-1135.4174443292904,-0.048157408280530944,53.017070055007935,-1140.4755990630513
2023-09-14 14:08:27.618582,377582,6.862879436681862,243870.1210175352,-1135.3834890865255,-1135.465601737571,-0.048157408280530944,53.2194390296936,-1140.5132286448859
2023-09-14 14:08:27.814010,377575,6.862879436681862,243870.1210175352,-1136.403469120356,-1135.5137591458551,-0.04815740828416892,53.41486716270447,-1140.5479066172475
2023-09-14 14:08:28.018527,377588,6.862879436681862,243870.1210175352,-1134.5092204860994,-1135.5619165541357,-0.048157408280530944,53.61938405036926,-1140.5825303307256
2023-09-14 14:08:28.232481,377577,6.862879436681862,243870.1210175352,-1136.1120462535473,-1135.6100739624162,-0.048157408280530944,53.833338022232056,-1140.6170126805143
2023-09-14 14:08:28.422822,377544,6.862879436681862,243870.1210175352,-1140.9205235558875,-1135.6582313706967,-0.048157408280530944,54.02367901802063,-1140.6462643960845
2023-09-14 14:08:28.614611,377609,6.862879436681862,243870.1210175352,-1131.4492803846078,-1135.706388778981,-0.04815740828416892,54.21546792984009,-1140.674443495971
2023-09-14 14:08:28.818394,377589,6.862879436681862,243870.1210175352,-1134.363509052695,-1135.7545461872614,-0.048157408280530944,54.41925120353699,-1140.7030243005934
2023-09-14 14:08:29.014702,377631,6.862879436681862,243870.1210175352,-1128.243628849712,-1135.802703595542,-0.048157408280530944,54.615559101104736,-1140.729291117644
2023-09-14 14:08:29.217561,377556,6.862879436681862,243870.1210175352,-1139.1719863550352,-1135.8508610038261,-0.04815740828416892,54.81841802597046,-1140.755189961463
2023-09-14 14:08:29.422875,377581,6.862879436681862,243870.1210175352,-1135.5292005199299,-1135.8990184121067,-0.048157408280530944,55.02373194694519,-1140.7801738290102
2023-09-14 14:08:29.633125,377553,6.862879436681862,243870.1210175352,-1139.6091206552483,-1135.9471758203872,-0.048157408280530944,55.23398208618164,-1140.8045382529995
2023-09-14 14:08:29.829645,377523,6.862879436681862,243870.1210175352,-1143.980463657379,-1135.9953332286677,-0.048157408280530944,55.43050217628479,-1140.8262476052812
2023-09-14 14:08:30.018342,377578,6.862879436681862,243870.1210175352,-1135.966334820143,-1136.043490636952,-0.04815740828416892,55.6191987991333,-1140.8461693530703
2023-09-14 14:08:30.231187,377577,6.862879436681862,243870.1210175352,-1136.1120462535473,-1136.0916480452324,-0.048157408280530944,55.83204388618469,-1140.8676046408882
2023-09-14 14:08:30.423310,377568,6.862879436681862,243870.1210175352,-1137.4234491541865,-1136.139805453513,-0.048157408280530944,56.02416706085205,-1140.8860528714797
2023-09-14 14:08:30.632454,377611,6.862879436681862,243870.1210175352,-1131.1578575177991,-1136.1879628617971,-0.04815740828416892,56.23331093788147,-1140.905210143036
2023-09-14 14:08:30.834864,377543,6.862879436681862,243870.1210175352,-1141.0662349892918,-1136.2361202700777,-0.048157408280530944,56.43572115898132,-1140.9228745675166
2023-09-14 14:08:31.031409,377567,6.862879436681862,243870.1210175352,-1137.5691605875909,-1136.2842776783582,-0.048157408280530944,56.63226580619812,-1140.9392408754666
2023-09-14 14:08:31.234882,377548,6.862879436681862,243870.1210175352,-1140.33767782227,-1136.3324350866424,-0.04815740828416892,56.83573913574219,-1140.955405672531
2023-09-14 14:08:31.431227,377557,6.862879436681862,243870.1210175352,-1139.0262749216308,-1136.380592494923,-0.048157408280530944,57.0320839881897,-1140.9702876323888
2023-09-14 14:08:31.620289,377561,6.862879436681862,243870.1210175352,-1138.4434291880134,-1136.4287499032034,-0.048157408280530944,57.22114610671997,-1140.983982537195
2023-09-14 14:08:31.832111,377535,6.862879436681862,243870.1210175352,-1142.2319264565267,-1136.476907311484,-0.048157408280530944,57.43296813964844,-1140.9986198386791
2023-09-14 14:08:32.019297,377558,6.862879436681862,243870.1210175352,-1138.8805634882265,-1136.5250647197681,-0.04815740828416892,57.62015414237976,-1141.0109615529975
2023-09-14 14:08:32.233213,377578,6.862879436681862,243870.1210175352,-1135.966334820143,-1136.5732221280487,-0.048157408280530944,57.8340699672699,-1141.0244161564706
2023-09-14 14:08:32.434909,377564,6.862879436681862,243870.1210175352,-1138.0062948878003,-1136.6213795363292,-0.048157408280530944,58.03576588630676,-1141.0364969124792
2023-09-14 14:08:32.634872,377536,6.862879436681862,243870.1210175352,-1142.0862150231223,-1136.6695369446134,-0.04815740828416892,58.23572897911072,-1141.0479212975577
2023-09-14 14:08:32.838805,377602,6.862879436681862,243870.1210175352,-1132.4692604184384,-1136.717694352894,-0.048157408280530944,58.43966197967529,-1141.0590320771848
2023-09-14 14:08:33.039574,377584,6.862879436681862,243870.1210175352,-1135.0920662197168,-1136.7658517611744,-0.048157408280530944,58.64043092727661,-1141.0694620592299
2023-09-14 14:08:33.226977,377595,6.862879436681862,243870.1210175352,-1133.4892404522689,-1136.814009169455,-0.048157408280530944,58.827834129333496,-1141.0787631591297
