Time,Value,Factor,Baseline,Mass,Mass_smooth,Mass_derivative_smooth,ts
2023-08-31 13:13:40.034656,408638,6.862879436681862,427052.4548790659,0.0,0.0,-0.1232942898031979,10.085957050323486
2023-08-31 13:13:40.234950,408640,6.862879436681862,427052.4548790659,0.2914228668087162,-0.07365632897335672,-0.07365632897335672,10.286250829696655
2023-08-31 13:13:40.435539,408661,6.862879436681862,427052.4548790659,3.3513629682997816,-0.07205510443191088,0.0016012245414458448,10.486840009689331
2023-08-31 13:13:40.635947,408681,6.862879436681862,427052.4548790659,6.265591636386489,-0.11368694254679212,-0.04163183811488125,10.68724799156189
2023-08-31 13:13:40.835562,408725,6.862879436681862,427052.4548790659,12.676894706176881,-0.16012245429055838,-0.046435511743766256,10.886862993240356
2023-08-31 13:13:41.036236,408704,6.862879436681862,427052.4548790659,9.616954604685816,-0.33305470492450695,-0.17293225063394857,11.087537050247192
2023-08-31 13:13:41.236600,408669,6.862879436681862,427052.4548790659,4.517054435534192,-0.47716491378605497,-0.14411020886154802,11.287901163101196
2023-08-31 13:13:41.437489,408696,6.862879436681862,427052.4548790659,8.451263137451406,-0.69973512524939,-0.222570211463335,11.488789796829224
2023-08-31 13:13:41.637717,408702,6.862879436681862,427052.4548790659,9.3255317378771,-0.9511273784855803,-0.2513922532361903,11.68901801109314
2023-08-31 13:13:41.837961,408729,6.862879436681862,427052.4548790659,13.259740439793859,-1.135268200920109,-0.18414082243452867,11.889261960983276
2023-08-31 13:13:42.038936,408722,6.862879436681862,427052.4548790659,12.239760405963807,-1.5243657648461522,-0.3890975639260432,12.090237140655518
2023-08-31 13:13:42.239272,408698,6.862879436681862,427052.4548790659,8.742686004259667,-2.152045785664086,-0.6276800208179338,12.290572881698608
2023-08-31 13:13:42.438881,408637,6.862879436681862,427052.4548790659,-0.14571143340390336,-2.842173563657525,-0.6901277779934389,12.490181922912598
2023-08-31 13:13:42.638669,408640,6.862879436681862,427052.4548790659,0.2914228668087162,-3.629976038764653,-0.787802475107128,12.689970016479492
2023-08-31 13:13:42.839478,408627,6.862879436681862,427052.4548790659,-1.6028257674474844,-4.515453210991382,-0.8854771722267287,12.8907790184021
2023-08-31 13:13:43.040169,408565,6.862879436681862,427052.4548790659,-10.636934638515868,-5.439359772246917,-0.923906561255535,13.091470003128052
2023-08-31 13:13:43.240517,408589,6.862879436681862,427052.4548790659,-7.139860236811728,-6.529793685965615,-1.090433913718698,13.291818141937256
2023-08-31 13:13:43.441195,408608,6.862879436681862,427052.4548790659,-4.371343002129834,-7.775546380345986,-1.2457526943803714,13.492496013641357
2023-08-31 13:13:43.641826,408612,6.862879436681862,427052.4548790659,-3.788497268512401,-9.075740709184174,-1.300194328838188,13.693127155303955
2023-08-31 13:13:43.842114,408565,6.862879436681862,427052.4548790659,-10.636934638515868,-10.580891779514332,-1.5051510703301574,13.893414974212646
2023-08-31 13:13:44.041998,408580,6.862879436681862,427052.4548790659,-8.451263137450951,-12.231754283250211,-1.6508625037358797,14.093299150466919
2023-08-31 13:13:44.243111,408615,6.862879436681862,427052.4548790659,-3.351362968299327,-14.055549037617766,-1.8237947543675546,14.294411897659302
2023-08-31 13:13:44.442893,408638,6.862879436681862,427052.4548790659,0.0,-15.840914402956969,-1.785365365339203,14.494194030761719
2023-08-31 13:13:44.643299,408640,6.862879436681862,427052.4548790659,0.2914228668087162,-17.770389977157265,-1.9294755742002963,14.694600105285645
2023-08-31 13:13:44.843458,408632,6.862879436681862,427052.4548790659,-0.8742686004256939,-19.957662702764082,-2.1872727256068174,14.894758939743042
2023-08-31 13:13:45.044446,408591,6.862879436681862,427052.4548790659,-6.848437370003012,-22.204180736459875,-2.246518033695793,15.095746994018555
2023-08-31 13:13:45.244689,408644,6.862879436681862,427052.4548790659,0.8742686004261486,-24.538766120015225,-2.33458538355535,15.295989990234375
2023-08-31 13:13:45.445167,408629,6.862879436681862,427052.4548790659,-1.3114029006387682,-27.07990946960399,-2.541143349588765,15.49646806716919
2023-08-31 13:13:45.645989,408623,6.862879436681862,427052.4548790659,-2.185671501064917,-29.798788743456953,-2.718879273852963,15.697290182113647
2023-08-31 13:13:45.846024,408617,6.862879436681862,427052.4548790659,-3.0599401014906107,-32.61854516351241,-2.8197564200554552,15.897325038909912
2023-08-31 13:13:46.045643,408629,6.862879436681862,427052.4548790659,-1.3114029006387682,-35.63525220234396,-3.016707038831555,16.096944093704224
2023-08-31 13:13:46.246982,408613,6.862879436681862,427052.4548790659,-3.642785835108043,-38.87452945264158,-3.2392772502976186,16.298282861709595
2023-08-31 13:13:46.447333,408664,6.862879436681862,427052.4548790659,3.788497268512856,-42.19867160371132,-3.3241421510697364,16.498634099960327
2023-08-31 13:13:46.647963,408634,6.862879436681862,427052.4548790659,-0.5828457336169777,-45.503599060266424,-3.304927456555106,16.69926381111145
2023-08-31 13:13:46.847764,408588,6.862879436681862,427052.4548790659,-7.285571670216086,-48.8917901930522,-3.388191132785778,16.899065017700195
2023-08-31 13:13:47.048523,408544,6.862879436681862,427052.4548790659,-13.696874740006479,-52.41608541198548,-3.5242952189332755,17.09982395172119
2023-08-31 13:13:47.248785,408622,6.862879436681862,427052.4548790659,-2.33138293446882,-56.055668798008355,-3.6395833860228777,17.30008578300476
2023-08-31 13:13:47.449162,408633,6.862879436681862,427052.4548790659,-0.7285571670213358,-59.83936239289278,-3.7836935948844257,17.500463008880615
2023-08-31 13:13:47.649614,408667,6.862879436681862,427052.4548790659,4.22563156872593,-63.717528235807094,-3.8781658429143135,17.700915098190308
2023-08-31 13:13:47.850107,408584,6.862879436681862,427052.4548790659,-7.868417403833519,-67.66614795861051,-3.9486197228034143,17.901407957077026
2023-08-31 13:13:48.050317,408630,6.862879436681862,427052.4548790659,-1.16569146723441,-71.83893911741961,-4.172791158809105,18.10161805152893
2023-08-31 13:13:48.250595,408584,6.862879436681862,427052.4548790659,-7.868417403833519,-76.0853866052039,-4.24644748778428,18.30189609527588
2023-08-31 13:13:48.450564,408596,6.862879436681862,427052.4548790659,-6.119880202981676,-80.38947817653116,-4.3040915713272625,18.50186514854431
2023-08-31 13:13:48.651309,408576,6.862879436681862,427052.4548790659,-9.034108871067929,-84.75121383140458,-4.361735654873428,18.70261001586914
2023-08-31 13:13:48.851901,408589,6.862879436681862,427052.4548790659,-7.139860236811728,-89.25385724605167,-4.502643414647082,18.903201818466187
2023-08-31 13:13:49.052035,408580,6.862879436681862,427052.4548790659,-8.451263137450951,-93.82375209150177,-4.569894845450108,19.103336095809937
2023-08-31 13:13:49.252413,408611,6.862879436681862,427052.4548790659,-3.9342087019167593,-98.57938898392922,-4.755636892427447,19.30371403694153
2023-08-31 13:13:49.452920,408644,6.862879436681862,427052.4548790659,0.8742686004261486,-103.3926699598992,-4.813280975969974,19.504220962524414
2023-08-31 13:13:49.653224,408627,6.862879436681862,427052.4548790659,-1.6028257674474844,-108.39969910556238,-5.007029145663182,19.704524993896484
2023-08-31 13:13:49.854691,408628,6.862879436681862,427052.4548790659,-1.4571143340431263,-113.50120049925681,-5.101501393694434,19.905992031097412
2023-08-31 13:13:50.053957,408554,6.862879436681862,427052.4548790659,-12.239760405963352,-118.759621898158,-5.258421398901191,20.105258226394653
2023-08-31 13:13:50.254432,408534,6.862879436681862,427052.4548790659,-15.15398907405006,-124.0660800333435,-5.306458135185494,20.30573296546936
2023-08-31 13:13:50.454775,408525,6.862879436681862,427052.4548790659,-16.465391974688828,-129.45420062021776,-5.388120586874265,20.506076097488403
2023-08-31 13:13:50.655225,408493,6.862879436681862,427052.4548790659,-21.128157843627378,-135.012051008639,-5.55785038842123,20.706526041030884
2023-08-31 13:13:50.855970,408453,6.862879436681862,427052.4548790659,-26.956615179800338,-140.60512833700523,-5.593077328366235,20.907271146774292
2023-08-31 13:13:51.056053,408354,6.862879436681862,427052.4548790659,-41.38204708682906,-146.35352444603268,-5.748396109027453,21.107353925704956
2023-08-31 13:13:51.256283,408255,6.862879436681862,427052.4548790659,-55.80747899385733,-152.19158912946386,-5.838064683431185,21.307583808898926
2023-08-31 13:13:51.456966,408242,6.862879436681862,427052.4548790659,-57.70172762811353,-158.0536721810372,-5.862083051573336,21.508266925811768
2023-08-31 13:13:51.657231,408123,6.862879436681862,427052.4548790659,-75.04138820322851,-163.91895768169752,-5.86528550066032,21.708532094955444
2023-08-31 13:13:51.857289,408100,6.862879436681862,427052.4548790659,-78.39275117152829,-169.8498933886167,-5.930935706919172,21.908590078353882
2023-08-31 13:13:52.057974,408045,6.862879436681862,427052.4548790659,-86.40688000876617,-175.77442419736553,-5.924530808748841,22.109275102615356
2023-08-31 13:13:52.258315,407914,6.862879436681862,427052.4548790659,-105.49507778473298,-181.75019419148475,-5.975769994119219,22.309616088867188
2023-08-31 13:13:52.458830,407860,6.862879436681862,427052.4548790659,-113.36349518856696,-187.8156327600068,-6.06543856852204,22.510131120681763
2023-08-31 13:13:52.659123,407821,6.862879436681862,427052.4548790659,-119.04624109133556,-194.04119378282167,-6.225561022814873,22.710423946380615
2023-08-31 13:13:52.859463,407728,6.862879436681862,427052.4548790659,-132.59740439793813,-200.35962582912316,-6.318432046301496,22.91076397895813
2023-08-31 13:13:53.059528,407580,6.862879436681862,427052.4548790659,-154.1626965417786,-206.70848114174032,-6.348855312617161,23.11082887649536
2023-08-31 13:13:53.260347,407540,6.862879436681862,427052.4548790659,-159.99115387795155,-213.03652053529868,-6.328039393558356,23.31164789199829
2023-08-31 13:13:53.460954,407528,6.862879436681862,427052.4548790659,-161.73969107880384,-219.53268850586392,-6.496167970565239,23.51225519180298
2023-08-31 13:13:53.660681,407348,6.862879436681862,427052.4548790659,-187.96774909158285,-226.14414464351648,-6.611456137652567,23.711982011795044
2023-08-31 13:13:53.861388,407232,6.862879436681862,427052.4548790659,-204.87027536648475,-232.84847180465886,-6.704327161142373,23.912688970565796
2023-08-31 13:13:54.062276,407183,6.862879436681862,427052.4548790659,-212.01013560329693,-239.583222232116,-6.734750427457129,24.113577127456665
2023-08-31 13:13:54.263078,407144,6.862879436681862,427052.4548790659,-217.69288150606553,-246.30836531231625,-6.725143080200269,24.3143789768219
2023-08-31 13:13:54.464654,407029,6.862879436681862,427052.4548790659,-234.44969634756308,-253.13758798780418,-6.829222675487927,24.515954971313477
2023-08-31 13:13:54.662717,406972,6.862879436681862,427052.4548790659,-242.75524805161012,-260.02445474683736,-6.8868667590331825,24.714017868041992
2023-08-31 13:13:54.862954,406919,6.862879436681862,427052.4548790659,-250.47795402203928,-266.99618640664494,-6.971731659807574,24.914254903793335
2023-08-31 13:13:55.064851,406820,6.862879436681862,427052.4548790659,-264.903385929068,-274.012752353653,-7.0165659470080755,25.116152048110962
2023-08-31 13:13:55.264785,406675,6.862879436681862,427052.4548790659,-286.0315437726954,-281.04533054609146,-7.03257819243845,25.316085815429688
2023-08-31 13:13:55.465433,406631,6.862879436681862,427052.4548790659,-292.4428468424858,-288.16437486384484,-7.119044317753378,25.51673412322998
2023-08-31 13:13:55.668758,406573,6.862879436681862,427052.4548790659,-300.89410997993673,-295.3891000014314,-7.224725137586574,25.720058917999268
2023-08-31 13:13:55.868754,406540,6.862879436681862,427052.4548790659,-305.70258728227964,-302.6378435071597,-7.248743505728271,25.92005491256714
2023-08-31 13:13:56.067366,406451,6.862879436681862,427052.4548790659,-318.6709048552648,-309.84655639931725,-7.208712892157564,26.118666887283325
2023-08-31 13:13:56.269125,406381,6.862879436681862,427052.4548790659,-328.8707051935676,-317.127324395904,-7.2807679965867464,26.32042622566223
2023-08-31 13:13:56.469602,406268,6.862879436681862,427052.4548790659,-345.33609716825686,-324.5650123976975,-7.437688001793504,26.52090311050415
2023-08-31 13:13:56.668945,406193,6.862879436681862,427052.4548790659,-356.26445467358144,-332.01070652220415,-7.445694124506645,26.720245838165283
2023-08-31 13:13:56.868177,406144,6.862879436681862,427052.4548790659,-363.4043149103936,-339.59250473285874,-7.581798210654597,26.919477939605713
2023-08-31 13:13:57.069132,406057,6.862879436681862,427052.4548790659,-376.08120961657005,-347.08463436910915,-7.492129636250411,27.12043309211731
2023-08-31 13:13:57.270443,405998,6.862879436681862,427052.4548790659,-384.67818418742536,-354.7176717651355,-7.633037396026339,27.321743965148926
2023-08-31 13:13:57.468521,405911,6.862879436681862,427052.4548790659,-397.3550788936018,-362.3074760985037,-7.589804333368193,27.519821882247925
2023-08-31 13:13:57.669323,405884,6.862879436681862,427052.4548790659,-401.28928759551854,-370.00296125170416,-7.6954851532004795,27.72062397003174
2023-08-31 13:13:57.872247,405793,6.862879436681862,427052.4548790659,-414.5490280353124,-377.62639130047364,-7.623430048769478,27.923547983169556
2023-08-31 13:13:58.070955,405791,6.862879436681862,427052.4548790659,-414.8404509021211,-385.342692372732,-7.716301072258375,28.12225604057312
2023-08-31 13:13:58.270534,405668,6.862879436681862,427052.4548790659,-432.76295721085353,-393.0942203849336,-7.751528012201561,28.321834802627563
2023-08-31 13:13:58.474577,405634,6.862879436681862,427052.4548790659,-437.7171459466008,-400.9322145224519,-7.837994137518308,28.525877952575684
2023-08-31 13:13:58.672417,405534,6.862879436681862,427052.4548790659,-452.2882892870334,-408.8742882552606,-7.942073732808694,28.72371792793274
2023-08-31 13:13:58.873224,405495,6.862879436681862,427052.4548790659,-457.971035189802,-416.89322076612507,-8.018932510864488,28.924525022506714
2023-08-31 13:13:59.073386,405441,6.862879436681862,427052.4548790659,-465.839452593636,-424.8561104179912,-7.962889651866135,29.12468695640564
2023-08-31 13:13:59.277027,405390,6.862879436681862,427052.4548790659,-473.27073569725644,-432.7933804771701,-7.9372700591789,29.328328132629395
2023-08-31 13:13:59.472707,405304,6.862879436681862,427052.4548790659,-485.80191897002896,-440.7258468627192,-7.932466385549105,29.52400803565979
2023-08-31 13:13:59.673738,405225,6.862879436681862,427052.4548790659,-497.3131222089705,-448.72556467907134,-7.999717816352131,29.72503900527954
2023-08-31 13:13:59.875233,405209,6.862879436681862,427052.4548790659,-499.6445051434398,-456.67244208550756,-7.946877406436215,29.926533937454224
2023-08-31 13:14:00.075195,405139,6.862879436681862,427052.4548790659,-509.84430548174305,-464.553669285684,-7.881227200176454,30.126495838165283
2023-08-31 13:14:00.274666,405076,6.862879436681862,427052.4548790659,-519.0241257862153,-472.2619642352274,-7.708294949543415,30.32596707344055
2023-08-31 13:14:00.476672,405037,6.862879436681862,427052.4548790659,-524.7068716889844,-479.88539428399645,-7.623430048769023,30.52797293663025
2023-08-31 13:14:00.677103,404974,6.862879436681862,427052.4548790659,-533.8866919934571,-487.3695177975337,-7.48412351353727,30.72840404510498
2023-08-31 13:14:00.876009,404936,6.862879436681862,427052.4548790659,-539.4237264628214,-494.7799849820967,-7.410467184563004,30.9273099899292
2023-08-31 13:14:01.077112,404927,6.862879436681862,427052.4548790659,-540.7351293634606,-502.11519461314174,-7.335209631045018,31.12841296195984
2023-08-31 13:14:01.276325,404833,6.862879436681862,427052.4548790659,-554.4320041034671,-509.4904348577611,-7.375240244619363,31.32762622833252
2023-08-31 13:14:01.477626,404801,6.862879436681862,427052.4548790659,-559.0947699724056,-516.6110804000591,-7.120645542298007,31.528927087783813
2023-08-31 13:14:01.676896,404720,6.862879436681862,427052.4548790659,-570.8973960781564,-523.7877688013577,-7.176688401298634,31.72819709777832
2023-08-31 13:14:01.880255,404666,6.862879436681862,427052.4548790659,-578.7658134819899,-530.9148192418261,-7.127050440468338,31.93155598640442
2023-08-31 13:14:02.078692,404600,6.862879436681862,427052.4548790659,-588.3827680866757,-537.8513239616896,-6.936504719863478,32.129993200302124
2023-08-31 13:14:02.278877,404628,6.862879436681862,427052.4548790659,-584.3028479513546,-544.6309086763476,-6.779584714658085,32.330178022384644
2023-08-31 13:14:02.480058,404558,6.862879436681862,427052.4548790659,-594.5026482896574,-551.3016101220883,-6.670701445740633,32.53135919570923
2023-08-31 13:14:02.681381,404509,6.862879436681862,427052.4548790659,-601.6425085264696,-558.0651825913178,-6.76357246922953,32.73268222808838
2023-08-31 13:14:02.879872,404453,6.862879436681862,427052.4548790659,-609.8023487971118,-564.5821664809414,-6.516983889623589,32.93117308616638
2023-08-31 13:14:03.083439,404426,6.862879436681862,427052.4548790659,-613.7365574990285,-570.879782608185,-6.2976161272436,33.134740114212036
2023-08-31 13:14:03.282876,404391,6.862879436681862,427052.4548790659,-618.8364576681802,-577.0749203646833,-6.195137756498298,33.334177017211914
2023-08-31 13:14:03.484018,404379,6.862879436681862,427052.4548790659,-620.584994869032,-583.2028066903799,-6.127886325696636,33.53531885147095
2023-08-31 13:14:03.682520,404328,6.862879436681862,427052.4548790659,-628.0162779726529,-589.2986685252167,-6.095861834836796,33.73382115364075
2023-08-31 13:14:03.882552,404269,6.862879436681862,427052.4548790659,-636.6132525435082,-595.292051989311,-5.993383464094222,33.93385314941406
2023-08-31 13:14:04.082317,404235,6.862879436681862,427052.4548790659,-641.567441279255,-601.2950428006602,-6.002990811349264,34.133618116378784
2023-08-31 13:14:04.283105,404237,6.862879436681862,427052.4548790659,-641.2760184124468,-607.0786658496318,-5.783623048971549,34.33440613746643
2023-08-31 13:14:04.483976,404167,6.862879436681862,427052.4548790659,-651.4758187507496,-612.7277860369991,-5.649120187367316,34.535276889801025
2023-08-31 13:14:04.682873,404152,6.862879436681862,427052.4548790659,-653.6614902518145,-618.2968449972213,-5.569058960222264,34.73417401313782
2023-08-31 13:14:04.885816,404107,6.862879436681862,427052.4548790659,-660.2185047550092,-623.7458121167265,-5.4489671195051415,34.93711709976196
2023-08-31 13:14:05.083932,404086,6.862879436681862,427052.4548790659,-663.2784448565003,-629.1691596435453,-5.423347526818816,35.13523292541504
2023-08-31 13:14:05.286154,403997,6.862879436681862,427052.4548790659,-676.2467624294854,-634.5172496168461,-5.34808997330083,35.33745503425598
2023-08-31 13:14:05.486349,403977,6.862879436681862,427052.4548790659,-679.1609910975717,-639.7820759139181,-5.264826297071977,35.5376501083374
2023-08-31 13:14:05.685470,403983,6.862879436681862,427052.4548790659,-678.286722497146,-644.8515528167536,-5.069476902835504,35.73677086830139
2023-08-31 13:14:05.885481,403932,6.862879436681862,427052.4548790659,-685.7180056007664,-649.8217537979285,-4.970200981174912,35.936781883239746
2023-08-31 13:14:06.086160,403905,6.862879436681862,427052.4548790659,-689.6522143026832,-654.65585069296,-4.834096895031507,36.13746094703674
2023-08-31 13:14:06.286582,403863,6.862879436681862,427052.4548790659,-695.7720945056653,-659.3698557472699,-4.714005054309837,36.33788299560547
2023-08-31 13:14:06.486525,403844,6.862879436681862,427052.4548790659,-698.5406117403472,-664.0742534543242,-4.704397707054341,36.5378258228302
2023-08-31 13:14:06.689177,403790,6.862879436681862,427052.4548790659,-706.4090291441812,-668.7049948324047,-4.630741378080529,36.74047803878784
2023-08-31 13:14:06.888523,403815,6.862879436681862,427052.4548790659,-702.7662433090727,-673.2124419206816,-4.5074470882768765,36.93982410430908
2023-08-31 13:14:07.087163,403770,6.862879436681862,427052.4548790659,-709.3232578122675,-677.6094045154964,-4.396962594814795,37.13846397399902
2023-08-31 13:14:07.287930,403739,6.862879436681862,427052.4548790659,-713.8403122478016,-682.0079683348572,-4.398563819360788,37.33923101425171
2023-08-31 13:14:07.487741,403716,6.862879436681862,427052.4548790659,-717.1916752161014,-686.2784341907836,-4.270465855926432,37.5390419960022
2023-08-31 13:14:07.690041,403684,6.862879436681862,427052.4548790659,-721.85444108504,-690.4528265741355,-4.174392383351915,37.741342067718506
2023-08-31 13:14:07.889499,403619,6.862879436681862,427052.4548790659,-731.325684256321,-694.4831087486277,-4.030282174492186,37.940799951553345
2023-08-31 13:14:08.089233,403655,6.862879436681862,427052.4548790659,-726.0800726537655,-698.4141150014584,-3.9310062528306844,38.14053392410278
2023-08-31 13:14:08.290750,403597,6.862879436681862,427052.4548790659,-734.5313357912164,-702.3146979879734,-3.900582986515019,38.34205102920532
2023-08-31 13:14:08.491699,403580,6.862879436681862,427052.4548790659,-737.00843015909,-706.1784528100029,-3.8637548220294775,38.54299998283386
2023-08-31 13:14:08.690450,403529,6.862879436681862,427052.4548790659,-744.4397132627105,-709.8820851777414,-3.7036323677384644,38.741750955581665
2023-08-31 13:14:08.892758,403530,6.862879436681862,427052.4548790659,-744.2940018293066,-713.4207914175608,-3.5387062398194757,38.94405913352966
2023-08-31 13:14:09.094153,403531,6.862879436681862,427052.4548790659,-744.1482903959022,-717.021945414554,-3.601153996993162,39.14545392990112
2023-08-31 13:14:09.291606,403540,6.862879436681862,427052.4548790659,-742.836887495263,-720.5110136935436,-3.4890682789896346,39.3429069519043
2023-08-31 13:14:09.492901,403494,6.862879436681862,427052.4548790659,-749.5396134318621,-723.862376661843,-3.351362968299327,39.54420208930969
2023-08-31 13:14:09.692881,403568,6.862879436681862,427052.4548790659,-738.7569673599419,-727.1689053429404,-3.3065286810974612,39.744181871414185
2023-08-31 13:14:09.892524,403495,6.862879436681862,427052.4548790659,-749.3939019984577,-730.3857654496369,-3.2168601066964584,39.943825006484985
2023-08-31 13:14:10.094191,403519,6.862879436681862,427052.4548790659,-745.8968275967541,-733.6314475981044,-3.2456821484674947,40.14549207687378
2023-08-31 13:14:10.293062,403439,6.862879436681862,427052.4548790659,-757.5537422691,-736.8370991329994,-3.205651534894969,40.34436297416687
2023-08-31 13:14:10.494743,403467,6.862879436681862,427052.4548790659,-753.4738221337789,-739.8938367854043,-3.0567376524049905,40.54604411125183
2023-08-31 13:14:10.695641,403378,6.862879436681862,427052.4548790659,-766.442139706764,-742.9329609678371,-3.0391241824327153,40.74694204330444
2023-08-31 13:14:10.894785,403370,6.862879436681862,427052.4548790659,-767.6078311739989,-745.8904226985842,-2.957461730747127,40.946085929870605
2023-08-31 13:14:11.098323,403396,6.862879436681862,427052.4548790659,-763.8193339054865,-748.7982464684983,-2.9078237699141027,41.14962387084961
2023-08-31 13:14:11.296493,403346,6.862879436681862,427052.4548790659,-771.1049055757026,-751.6292114603539,-2.8309649918555806,41.34779405593872
2023-08-31 13:14:11.495974,403374,6.862879436681862,427052.4548790659,-767.0249854403814,-754.4233482877225,-2.794136827368675,41.54727482795715
2023-08-31 13:14:11.695764,403304,6.862879436681862,427052.4548790659,-777.2247857786842,-757.1278165406889,-2.7044682529663078,41.74706506729126
2023-08-31 13:14:11.896607,403278,6.862879436681862,427052.4548790659,-781.0132830471971,-759.753824791052,-2.6260082503631565,41.9479079246521
2023-08-31 13:14:12.098385,403299,6.862879436681862,427052.4548790659,-777.953342945706,-762.3157840596996,-2.56195926864757,42.149685859680176
2023-08-31 13:14:12.299873,403314,6.862879436681862,427052.4548790659,-775.7676714446411,-764.8761421038053,-2.5603580441056693,42.351174116134644
2023-08-31 13:14:12.497704,403317,6.862879436681862,427052.4548790659,-775.330537144428,-767.4268928006509,-2.5507506968456255,42.54900503158569
2023-08-31 13:14:12.699337,403222,6.862879436681862,427052.4548790659,-789.1731233178393,-769.9312079857536,-2.5043151851027687,42.750638008117676
2023-08-31 13:14:12.899429,403229,6.862879436681862,427052.4548790659,-788.1531432840088,-772.3266399019399,-2.395431916186226,42.950730085372925
2023-08-31 13:14:13.100584,403170,6.862879436681862,427052.4548790659,-796.7501178548646,-774.7012558990673,-2.374615997127421,43.15188503265381
2023-08-31 13:14:13.299392,403208,6.862879436681862,427052.4548790659,-791.2130833854999,-777.0182278126504,-2.3169719135830746,43.35069298744202
2023-08-31 13:14:13.501086,403147,6.862879436681862,427052.4548790659,-800.1014808231639,-779.2855617654031,-2.2673339527527787,43.55238699913025
2023-08-31 13:14:13.702052,403153,6.862879436681862,427052.4548790659,-799.2272122227378,-781.4600246946684,-2.174462929265246,43.753353118896484
2023-08-31 13:14:13.903442,403170,6.862879436681862,427052.4548790659,-796.7501178548646,-783.7609843628229,-2.300959668154519,43.95474290847778
2023-08-31 13:14:14.103142,403153,6.862879436681862,427052.4548790659,-799.2272122227378,-785.9914901510879,-2.2305057882649635,44.15444278717041
2023-08-31 13:14:14.302662,403111,6.862879436681862,427052.4548790659,-805.3470924257199,-788.2107873675536,-2.2192972164657476,44.353962898254395
2023-08-31 13:14:14.502327,403093,6.862879436681862,427052.4548790659,-807.9698982269974,-790.2971829469584,-2.0863955794047797,44.55362796783447
2023-08-31 13:14:14.704259,403102,6.862879436681862,427052.4548790659,-806.6584953263587,-792.255480562932,-1.9582976159736063,44.75556015968323
2023-08-31 13:14:14.903461,403089,6.862879436681862,427052.4548790659,-808.5527439606149,-794.2618149151904,-2.0063343522583637,44.95476222038269
2023-08-31 13:14:15.101827,403125,6.862879436681862,427052.4548790659,-803.3071323580593,-796.1432537531041,-1.88143883791372,45.153128147125244
2023-08-31 13:14:15.305460,403113,6.862879436681862,427052.4548790659,-805.0556695589112,-797.9494350375003,-1.8061812843961889,45.35676097869873
2023-08-31 13:14:15.503587,403060,6.862879436681862,427052.4548790659,-812.7783755293403,-799.6147085621201,-1.6652735246198063,45.554888010025024
2023-08-31 13:14:15.704569,403019,6.862879436681862,427052.4548790659,-818.7525442989181,-801.4000739274602,-1.7853653653401125,45.75587010383606
2023-08-31 13:14:15.904944,403069,6.862879436681862,427052.4548790659,-811.4669726287016,-803.0701511257084,-1.6700771982482365,45.9562451839447
2023-08-31 13:14:16.105642,403047,6.862879436681862,427052.4548790659,-814.6726241635965,-804.8106822038471,-1.7405310781387016,46.15694308280945
2023-08-31 13:14:16.305524,403044,6.862879436681862,427052.4548790659,-815.1097584638096,-806.479158177553,-1.6684759737058812,46.35682487487793
2023-08-31 13:14:16.505851,403001,6.862879436681862,427052.4548790659,-821.3753501001956,-808.0995974149741,-1.6204392374211238,46.557151794433594
2023-08-31 13:14:16.706265,403027,6.862879436681862,427052.4548790659,-817.5868528316832,-809.6495827725057,-1.5499853575315683,46.75756597518921
2023-08-31 13:14:16.906158,403017,6.862879436681862,427052.4548790659,-819.0439671657264,-811.2428011926959,-1.5932184201901691,46.95745897293091
2023-08-31 13:14:17.106169,403040,6.862879436681862,427052.4548790659,-815.692604197427,-812.6134494014213,-1.3706482087254699,47.15746998786926
2023-08-31 13:14:17.306978,403005,6.862879436681862,427052.4548790659,-820.7925043665787,-814.0225269991779,-1.40907759775655,47.35827898979187
2023-08-31 13:14:17.507931,402977,6.862879436681862,427052.4548790659,-824.8724245018998,-815.4316045969331,-1.4090775977551857,47.559231996536255
2023-08-31 13:14:17.709628,402991,6.862879436681862,427052.4548790659,-822.8324644342392,-816.792645458404,-1.361040861470883,47.76092886924744
2023-08-31 13:14:17.908550,403015,6.862879436681862,427052.4548790659,-819.3353900325351,-818.0367969282397,-1.2441514698357423,47.959850788116455
2023-08-31 13:14:18.109265,402960,6.862879436681862,427052.4548790659,-827.3495188697734,-819.2889545207913,-1.2521575925516117,48.1605658531189
2023-08-31 13:14:18.308794,402960,6.862879436681862,427052.4548790659,-827.3495188697734,-820.5106888470282,-1.2217343262368558,48.36009502410889
2023-08-31 13:14:18.508604,402983,6.862879436681862,427052.4548790659,-823.9981559014736,-821.7452329696066,-1.234544122578427,48.55990481376648
2023-08-31 13:14:18.708782,402972,6.862879436681862,427052.4548790659,-825.6009816689211,-822.9541574995001,-1.2089245298934657,48.76008319854736
2023-08-31 13:14:18.909451,402965,6.862879436681862,427052.4548790659,-826.6209617027516,-824.24314325654,-1.2889857570398817,48.96075201034546
2023-08-31 13:14:19.111207,402909,6.862879436681862,427052.4548790659,-834.7808019733939,-825.3976261519742,-1.1544828954342847,49.16250801086426
2023-08-31 13:14:19.310295,402925,6.862879436681862,427052.4548790659,-832.4494190389246,-826.5809310891791,-1.1833049372048663,49.36159610748291
2023-08-31 13:14:19.511079,402924,6.862879436681862,427052.4548790659,-832.595130472329,-827.6169233684386,-1.035992279259517,49.56237983703613
2023-08-31 13:14:19.710536,402903,6.862879436681862,427052.4548790659,-835.65507057382,-828.8098356529035,-1.19291228446491,49.761837005615234
2023-08-31 13:14:19.912060,402873,6.862879436681862,427052.4548790659,-840.0264135759498,-829.8234107885614,-1.0135751356579021,49.96336102485657
2023-08-31 13:14:20.112658,402850,6.862879436681862,427052.4548790659,-843.3777765442492,-830.7969553106482,-0.9735445220867405,50.16395902633667
2023-08-31 13:14:20.313482,402832,6.862879436681862,427052.4548790659,-846.0005823455272,-831.8857879998218,-1.0888326891736142,50.36478304862976
2023-08-31 13:14:20.513761,402883,6.862879436681862,427052.4548790659,-838.5692992419063,-832.8753447673389,-0.9895567675171151,50.565062046051025
2023-08-31 13:14:20.713388,402869,6.862879436681862,427052.4548790659,-840.6092593095673,-833.9769872528555,-1.1016424855165496,50.76468896865845
2023-08-31 13:14:20.913628,402869,6.862879436681862,427052.4548790659,-840.6092593095673,-834.9505317749417,-0.9735445220862857,50.96492886543274
2023-08-31 13:14:21.113657,402853,6.862879436681862,427052.4548790659,-842.9406422440361,-835.8616285398552,-0.9110967649135091,51.164958000183105
2023-08-31 13:14:21.316761,402827,6.862879436681862,427052.4548790659,-846.729139512549,-836.7855351011112,-0.9239065612559898,51.368062019348145
2023-08-31 13:14:21.514626,402798,6.862879436681862,427052.4548790659,-850.9547710812744,-837.739864928682,-0.9543298275707457,51.565927028656006
2023-08-31 13:14:21.714279,402815,6.862879436681862,427052.4548790659,-848.4776767134008,-838.6717776126525,-0.931912683970495,51.76557993888855
2023-08-31 13:14:21.914655,402832,6.862879436681862,427052.4548790659,-846.0005823455272,-839.5604572339653,-0.8886796213128036,51.96595597267151
2023-08-31 13:14:22.115984,402786,6.862879436681862,427052.4548790659,-852.7033082821263,-840.3962964453617,-0.8358392113964328,52.16728496551514
2023-08-31 13:14:22.316226,402788,6.862879436681862,427052.4548790659,-852.4118854153176,-841.177694022299,-0.7813975769372519,52.36752700805664
2023-08-31 13:14:22.518184,402821,6.862879436681862,427052.4548790659,-847.6034081129746,-842.03274792821,-0.8550539059110633,52.56948494911194
2023-08-31 13:14:22.717968,402809,6.862879436681862,427052.4548790659,-849.351945313827,-842.7757161161171,-0.7429681879070813,52.76926898956299
2023-08-31 13:14:22.919466,402715,6.862879436681862,427052.4548790659,-863.0488200538334,-843.5683222648554,-0.7926061487382867,52.9707670211792
2023-08-31 13:14:23.117829,402714,6.862879436681862,427052.4548790659,-863.1945314872378,-844.35932718905,-0.7910049241945671,53.169130086898804
2023-08-31 13:14:23.319492,402700,6.862879436681862,427052.4548790659,-865.2344915548983,-845.1583382359604,-0.7990110469104366,53.37079310417175
2023-08-31 13:14:23.519993,402694,6.862879436681862,427052.4548790659,-866.1087601553245,-845.7828158076918,-0.6244775717314042,53.57129406929016
2023-08-31 13:14:23.718023,402754,6.862879436681862,427052.4548790659,-857.3660741510648,-846.386477460369,-0.6036616526771468,53.76932382583618
2023-08-31 13:14:23.919054,402730,6.862879436681862,427052.4548790659,-860.8631485527685,-847.1022248310474,-0.7157473706784003,53.97035503387451
2023-08-31 13:14:24.120350,402757,6.862879436681862,427052.4548790659,-856.9289398508517,-847.7539232200079,-0.6516983889605399,54.171650886535645
2023-08-31 13:14:24.322225,402777,6.862879436681862,427052.4548790659,-854.014711182765,-848.4968914079154,-0.742968187907536,54.373525857925415
2023-08-31 13:14:24.520112,402823,6.862879436681862,427052.4548790659,-847.3119852461659,-849.1966265331657,-0.6997351252502995,54.57141304016113
2023-08-31 13:14:24.720611,402729,6.862879436681862,427052.4548790659,-861.0088599861729,-849.7490490004684,-0.5524224673026765,54.77191209793091
2023-08-31 13:14:24.921283,402747,6.862879436681862,427052.4548790659,-858.3860541848949,-850.2998702432269,-0.5508212427585022,54.97258400917053
2023-08-31 13:14:25.121034,402728,6.862879436681862,427052.4548790659,-861.1545714195772,-850.8474890369012,-0.5476187936742463,55.17233490943909
2023-08-31 13:14:25.322501,402728,6.862879436681862,427052.4548790659,-861.1545714195772,-851.4191261987171,-0.5716371618159428,55.373802185058594
2023-08-31 13:14:25.522284,402727,6.862879436681862,427052.4548790659,-861.3002828529816,-851.9747511151049,-0.555624916387842,55.57358503341675
2023-08-31 13:14:25.722213,402748,6.862879436681862,427052.4548790659,-858.2403427514905,-852.5223699087774,-0.5476187936724273,55.77351403236389
2023-08-31 13:14:25.924312,402689,6.862879436681862,427052.4548790659,-866.8373173223463,-853.0155470679929,-0.4931771592155201,55.97561311721802
2023-08-31 13:14:26.123251,402763,6.862879436681862,427052.4548790659,-856.0546712504256,-853.5855830052665,-0.5700359372735875,56.17455196380615
2023-08-31 13:14:26.323076,402775,6.862879436681862,427052.4548790659,-854.3061340495738,-854.150815268913,-0.5652322636465215,56.37437701225281
2023-08-31 13:14:26.523856,402717,6.862879436681862,427052.4548790659,-862.7573971870247,-854.6183728354413,-0.46755756652828495,56.575156927108765
2023-08-31 13:14:26.723939,402730,6.862879436681862,427052.4548790659,-860.8631485527685,-855.0875316265124,-0.46915879107109504,56.77524018287659
2023-08-31 13:14:26.923619,402752,6.862879436681862,427052.4548790659,-857.6574970178735,-855.5743038875544,-0.486772261042006,56.97492003440857
2023-08-31 13:14:27.125802,402748,6.862879436681862,427052.4548790659,-858.2403427514905,-856.1843704384014,-0.6100665508470229,57.17710304260254
2023-08-31 13:14:27.326313,402768,6.862879436681862,427052.4548790659,-855.3261140834043,-856.6615353521861,-0.4771649137846907,57.37761402130127
2023-08-31 13:14:27.526711,402769,6.862879436681862,427052.4548790659,-855.1804026499999,-857.1499088377727,-0.48837348558663507,57.578011989593506
2023-08-31 13:14:27.726455,402739,6.862879436681862,427052.4548790659,-859.5517456521297,-857.7103374277899,-0.5604285900171817,57.77775597572327
2023-08-31 13:14:27.926727,402763,6.862879436681862,427052.4548790659,-856.0546712504256,-858.2131219342609,-0.5027845064710164,57.97802782058716
2023-08-31 13:14:28.126933,402774,6.862879436681862,427052.4548790659,-854.4518454829781,-858.6870843989623,-0.4739624647013443,58.1782341003418
2023-08-31 13:14:28.326948,402780,6.862879436681862,427052.4548790659,-853.5775768825524,-859.0841880856019,-0.3971036866396389,58.378249168395996
2023-08-31 13:14:28.528586,402792,6.862879436681862,427052.4548790659,-851.8290396817001,-859.5677578975583,-0.4835698119563858,58.57988691329956
2023-08-31 13:14:28.728864,402722,6.862879436681862,427052.4548790659,-862.0288400200034,-859.9872787278005,-0.41952083024216336,58.78016495704651
2023-08-31 13:14:28.928979,402745,6.862879436681862,427052.4548790659,-858.6774770517036,-860.3427505763248,-0.3554718485243029,58.98027992248535
2023-08-31 13:14:29.128519,402762,6.862879436681862,427052.4548790659,-856.20038268383,-860.6886150775931,-0.3458645012683519,59.1798198223114
2023-08-31 13:14:29.330115,402716,6.862879436681862,427052.4548790659,-862.9031086204291,-860.9223938608566,-0.23377878326346035,59.3814160823822
2023-08-31 13:14:29.528947,402728,6.862879436681862,427052.4548790659,-861.1545714195772,-861.1641787668354,-0.24178490597887503,59.58024787902832
2023-08-31 13:14:29.729090,402686,6.862879436681862,427052.4548790659,-867.2744516225589,-861.5388653098744,-0.37468654303893345,59.7803909778595
2023-08-31 13:14:29.930923,402696,6.862879436681862,427052.4548790659,-865.8173372885158,-861.8687175657133,-0.3298522558388868,59.982223987579346
2023-08-31 13:14:30.131142,402709,6.862879436681862,427052.4548790659,-863.9230886542596,-862.1313183907496,-0.26260082503631565,60.18244290351868
2023-08-31 13:14:30.331685,402722,6.862879436681862,427052.4548790659,-862.0288400200034,-862.4883914638176,-0.3570730730680225,60.382986068725586
2023-08-31 13:14:30.534839,402718,6.862879436681862,427052.4548790659,-862.6116857536203,-862.8614767823142,-0.3730853184965781,60.586140155792236
2023-08-31 13:14:30.731635,402735,6.862879436681862,427052.4548790659,-860.1345913857472,-863.0680347483485,-0.20655796603432464,60.78293585777283
2023-08-31 13:14:30.934764,402667,6.862879436681862,427052.4548790659,-870.0429688572412,-863.268187816212,-0.20015306786353904,60.98606514930725
2023-08-31 13:14:31.132838,402707,6.862879436681862,427052.4548790659,-864.2145115210683,-863.5724204793637,-0.30423266315165165,61.184138774871826
2023-08-31 13:14:31.332464,402682,6.862879436681862,427052.4548790659,-867.8572973561763,-863.7853833435706,-0.21296286420692923,61.38376522064209
2023-08-31 13:14:31.533896,402674,6.862879436681862,427052.4548790659,-869.0229888234112,-863.9791315132625,-0.19374816969184394,61.58519697189331
2023-08-31 13:14:31.734237,402683,6.862879436681862,427052.4548790659,-867.711585922772,-864.2721556046135,-0.29302409135107155,61.78553795814514
2023-08-31 13:14:31.934801,402658,6.862879436681862,427052.4548790659,-871.35437175788,-864.5075356124203,-0.2353800078067252,61.98610186576843
2023-08-31 13:14:32.137115,402676,6.862879436681862,427052.4548790659,-868.7315659566025,-864.6004066359092,-0.09287102348889675,62.18841576576233
2023-08-31 13:14:32.335526,402654,6.862879436681862,427052.4548790659,-871.9372174914974,-864.726903374798,-0.12649673888881807,62.38682699203491
2023-08-31 13:14:32.535822,402721,6.862879436681862,427052.4548790659,-862.1745514534077,-864.7733388865427,-0.04643551174467575,62.58712315559387
2023-08-31 13:14:32.736984,402716,6.862879436681862,427052.4548790659,-862.9031086204291,-864.8005597037718,-0.02722081722913572,62.78828501701355
2023-08-31 13:14:32.936803,402655,6.862879436681862,427052.4548790659,-871.7915060580931,-865.007117669807,-0.20655796603523413,62.98810410499573
2023-08-31 13:14:33.136789,402682,6.862879436681862,427052.4548790659,-867.8572973561763,-865.2280866567266,-0.22096898691961542,63.188090085983276
2023-08-31 13:14:33.337438,402661,6.862879436681862,427052.4548790659,-870.9172374576674,-865.4122274791603,-0.18414082243361918,63.38873887062073
2023-08-31 13:14:33.538891,402676,6.862879436681862,427052.4548790659,-868.7315659566025,-865.602773199767,-0.19054572060667851,63.59019207954407
2023-08-31 13:14:33.739056,402715,6.862879436681862,427052.4548790659,-863.0488200538334,-865.9646499464634,-0.36187674669645276,63.79035711288452
2023-08-31 13:14:33.937624,402675,6.862879436681862,427052.4548790659,-868.8772773900068,-866.087944236267,-0.12329428980365265,63.988924980163574
2023-08-31 13:14:34.138858,402727,6.862879436681862,427052.4548790659,-861.3002828529816,-866.3297291422468,-0.24178490597978453,64.19015908241272
2023-08-31 13:14:34.338773,402690,6.862879436681862,427052.4548790659,-866.6916058889419,-866.5106675155935,-0.18093837334663476,64.3900740146637
2023-08-31 13:14:34.538917,402697,6.862879436681862,427052.4548790659,-865.6716258551114,-866.6884034398558,-0.17773592426237883,64.59021806716919
2023-08-31 13:14:34.740710,402659,6.862879436681862,427052.4548790659,-871.2086603244761,-866.8629369150322,-0.1745334751763039,64.79201078414917
2023-08-31 13:14:34.940885,402719,6.862879436681862,427052.4548790659,-862.4659743202164,-867.0598875338096,-0.19695061877746411,64.99218606948853
2023-08-31 13:14:35.140540,402661,6.862879436681862,427052.4548790659,-870.9172374576674,-867.1767769254425,-0.11688939163286705,65.1918408870697
2023-08-31 13:14:35.341162,402687,6.862879436681862,427052.4548790659,-867.1287401891545,-867.3929422387346,-0.21616531329209465,65.3924629688263
2023-08-31 13:14:35.541838,402713,6.862879436681862,427052.4548790659,-863.3402429206421,-867.6763589828288,-0.283416744094211,65.59313917160034
2023-08-31 13:14:35.742570,402684,6.862879436681862,427052.4548790659,-867.5658744893676,-867.8204691916912,-0.1441102088624575,65.79387092590332
2023-08-31 13:14:35.943114,402687,6.862879436681862,427052.4548790659,-867.1287401891545,-868.0414381786113,-0.22096898692007017,65.99441504478455
2023-08-31 13:14:36.143361,402634,6.862879436681862,427052.4548790659,-874.8514461595842,-868.225579001044,-0.18414082243270968,66.19466209411621
2023-08-31 13:14:36.342796,402662,6.862879436681862,427052.4548790659,-870.771526024263,-868.4257320689071,-0.2001530678630843,66.39409708976746
2023-08-31 13:14:36.543115,402655,6.862879436681862,427052.4548790659,-871.7915060580931,-868.5858545231981,-0.16012245429101313,66.59441590309143
2023-08-31 13:14:36.743867,402633,6.862879436681862,427052.4548790659,-874.9971575929885,-868.7988173874055,-0.21296286420738397,66.79516792297363
2023-08-31 13:14:36.945647,402658,6.862879436681862,427052.4548790659,-871.35437175788,-868.8052222855758,-0.006404898170330853,66.99694800376892
2023-08-31 13:14:37.143770,402669,6.862879436681862,427052.4548790659,-869.7515459904325,-868.9381239226391,-0.13290163706324165,67.19507122039795
2023-08-31 13:14:37.347157,402661,6.862879436681862,427052.4548790659,-870.9172374576674,-869.1879149513315,-0.24979102869247072,67.3984580039978
2023-08-31 13:14:37.546510,402623,6.862879436681862,427052.4548790659,-876.4542719270316,-869.3928716928235,-0.2049567414919693,67.59781098365784
2023-08-31 13:14:37.744920,402662,6.862879436681862,427052.4548790659,-870.771526024263,-869.610638230658,-0.21776653783445,67.79622101783752
2023-08-31 13:14:37.946218,402681,6.862879436681862,427052.4548790659,-868.0030087895807,-869.7835704812928,-0.17293225063485806,67.99751901626587
2023-08-31 13:14:38.147667,402657,6.862879436681862,427052.4548790659,-871.5000831912844,-870.0701896744704,-0.28661919317755746,68.19896793365479
2023-08-31 13:14:38.347206,402704,6.862879436681862,427052.4548790659,-864.6516458212814,-870.1262325334733,-0.056042859002900514,68.39850687980652
2023-08-31 13:14:38.547669,402681,6.862879436681862,427052.4548790659,-868.0030087895807,-870.2287109042181,-0.10247837074484778,68.59896993637085
2023-08-31 13:14:38.747563,402649,6.862879436681862,427052.4548790659,-872.6657746585192,-870.3712198885373,-0.14250898431919268,68.79886412620544
2023-08-31 13:14:38.947502,402663,6.862879436681862,427052.4548790659,-870.6258145908587,-870.4144529511959,-0.04323306265860083,68.99880313873291
2023-08-31 13:14:39.147496,402705,6.862879436681862,427052.4548790659,-864.505934387877,-870.5473545882573,-0.13290163706142266,69.19879698753357
2023-08-31 13:14:39.348213,402630,6.862879436681862,427052.4548790659,-875.4342918932016,-870.7330966352338,-0.18574204697642926,69.39951395988464
2023-08-31 13:14:39.551861,402594,6.862879436681862,427052.4548790659,-880.6799034957571,-870.9108325594975,-0.17773592426374307,69.60316205024719
2023-08-31 13:14:39.748724,402669,6.862879436681862,427052.4548790659,-869.7515459904325,-871.0501390947288,-0.13930653523129877,69.80002498626709
2023-08-31 13:14:39.950755,402690,6.862879436681862,427052.4548790659,-866.6916058889419,-871.2214701208181,-0.1713310260893195,70.00205612182617
2023-08-31 13:14:40.151445,402642,6.862879436681862,427052.4548790659,-873.6857546923493,-871.3095374706795,-0.08806734986137599,70.20274591445923
2023-08-31 13:14:40.351506,402653,6.862879436681862,427052.4548790659,-872.0829289249018,-871.3831937996533,-0.07365632897381147,70.4028069972992
2023-08-31 13:14:40.552582,402667,6.862879436681862,427052.4548790659,-870.0429688572412,-871.5016844158285,-0.11849061617522239,70.60388278961182
2023-08-31 13:14:40.751997,402638,6.862879436681862,427052.4548790659,-874.2686004259667,-871.6473958492325,-0.14571143340390336,70.803297996521
2023-08-31 13:14:40.952253,402662,6.862879436681862,427052.4548790659,-870.771526024263,-871.6377885019742,0.009607347258224763,71.00355386734009
2023-08-31 13:14:41.153895,402657,6.862879436681862,427052.4548790659,-871.5000831912844,-871.5561260502864,0.0816624516878619,71.20519590377808
2023-08-31 13:14:41.351544,402635,6.862879436681862,427052.4548790659,-874.7057347261798,-871.5225003348855,0.03362571540083081,71.40284514427185
2023-08-31 13:14:41.551994,402671,6.862879436681862,427052.4548790659,-869.4601231236238,-871.5064880894574,0.01601224542810087,71.60329508781433
2023-08-31 13:14:41.752868,402677,6.862879436681862,427052.4548790659,-868.5858545231981,-871.594555439317,-0.088067349859557,71.80416917800903
2023-08-31 13:14:41.952951,402625,6.862879436681862,427052.4548790659,-876.1628490602229,-871.6057640111171,-0.011208571800125355,72.0042519569397
2023-08-31 13:14:42.153840,402592,6.862879436681862,427052.4548790659,-880.9713263625658,-871.6281811547174,-0.02241714360025071,72.20514106750488
2023-08-31 13:14:42.354292,402642,6.862879436681862,427052.4548790659,-873.6857546923493,-871.658604421033,-0.030423266315665387,72.405592918396
2023-08-31 13:14:42.556414,402658,6.862879436681862,427052.4548790659,-871.35437175788,-871.6041627865734,0.05444163445963568,72.60771489143372
2023-08-31 13:14:42.754852,402597,6.862879436681862,427052.4548790659,-880.242769195544,-871.6377885019747,-0.03362571540128556,72.80615305900574
2023-08-31 13:14:42.954379,402652,6.862879436681862,427052.4548790659,-872.2286403583062,-871.7418680972642,-0.10407959528947686,73.00568008422852
2023-08-31 13:14:43.155650,402596,6.862879436681862,427052.4548790659,-880.3884806289484,-871.7979109562657,-0.05604285900153627,73.20695114135742
2023-08-31 13:14:43.355809,402615,6.862879436681862,427052.4548790659,-877.6199633942665,-871.847709039549,-0.049798083283349115,73.40710997581482
2023-08-31 13:14:43.556008,402617,6.862879436681862,427052.4548790659,-877.3285405274578,-871.8975071228333,-0.04979808328425861,73.6073088645935
2023-08-31 13:14:43.756884,402618,6.862879436681862,427052.4548790659,-877.1828290940534,-871.947305206118,-0.04979808328471336,73.80818486213684
2023-08-31 13:14:43.957477,402625,6.862879436681862,427052.4548790659,-876.1628490602229,-871.9971032894023,-0.04979808328425861,74.00877809524536
2023-08-31 13:14:44.157131,402616,6.862879436681862,427052.4548790659,-877.4742519608621,-872.0469013726865,-0.04979808328425861,74.20843195915222
2023-08-31 13:14:44.357777,402628,6.862879436681862,427052.4548790659,-875.7257147600099,-872.0966994559708,-0.04979808328425861,74.40907788276672
2023-08-31 13:14:44.558245,402598,6.862879436681862,427052.4548790659,-880.0970577621397,-872.146497539255,-0.04979808328425861,74.6095461845398
2023-08-31 13:14:44.760823,402627,6.862879436681862,427052.4548790659,-875.8714261934142,-872.1962956225393,-0.04979808328425861,74.81212401390076
2023-08-31 13:14:44.959812,402592,6.862879436681862,427052.4548790659,-880.9713263625658,-872.2460937058236,-0.04979808328425861,75.01111316680908
2023-08-31 13:14:45.159102,402637,6.862879436681862,427052.4548790659,-874.4143118593711,-872.2958917891078,-0.04979808328425861,75.21040296554565
2023-08-31 13:14:45.358512,402623,6.862879436681862,427052.4548790659,-876.4542719270316,-872.3456898723921,-0.04979808328425861,75.40981316566467
2023-08-31 13:14:45.560189,402668,6.862879436681862,427052.4548790659,-869.8972574238369,-872.3954879556763,-0.04979808328425861,75.61149001121521
2023-08-31 13:14:45.760688,402636,6.862879436681862,427052.4548790659,-874.5600232927754,-872.4452860389611,-0.04979808328471336,75.81198906898499
2023-08-31 13:14:45.960613,402735,6.862879436681862,427052.4548790659,-860.1345913857472,-872.4950841222453,-0.04979808328425861,76.01191401481628
2023-08-31 13:14:46.160992,402680,6.862879436681862,427052.4548790659,-868.148720222985,-872.5448822055296,-0.04979808328425861,76.21229290962219
2023-08-31 13:14:46.360967,402618,6.862879436681862,427052.4548790659,-877.1828290940534,-872.5946802888138,-0.04979808328425861,76.4122679233551
2023-08-31 13:14:46.561919,402652,6.862879436681862,427052.4548790659,-872.2286403583062,-872.6444783720981,-0.04979808328425861,76.61321997642517
2023-08-31 13:14:46.762031,402656,6.862879436681862,427052.4548790659,-871.6457946246887,-872.6942764553824,-0.04979808328425861,76.81333208084106
2023-08-31 13:14:46.963539,402614,6.862879436681862,427052.4548790659,-877.7656748276709,-872.7440745386666,-0.04979808328425861,77.01483988761902
2023-08-31 13:14:47.163242,402566,6.862879436681862,427052.4548790659,-884.7598236310782,-872.7938726219509,-0.04979808328425861,77.21454310417175
2023-08-31 13:14:47.364112,402727,6.862879436681862,427052.4548790659,-861.3002828529816,-872.8436707052351,-0.04979808328425861,77.41541290283203
2023-08-31 13:14:47.563722,402652,6.862879436681862,427052.4548790659,-872.2286403583062,-872.8934687885194,-0.04979808328425861,77.61502289772034
2023-08-31 13:14:47.764654,402639,6.862879436681862,427052.4548790659,-874.1228889925624,-872.9432668718036,-0.04979808328425861,77.81595516204834
2023-08-31 13:14:47.965311,402659,6.862879436681862,427052.4548790659,-871.2086603244761,-872.9930649550884,-0.04979808328471336,78.01661205291748
2023-08-31 13:14:48.165242,402613,6.862879436681862,427052.4548790659,-877.9113862610748,-873.0428630383726,-0.04979808328425861,78.21654319763184
2023-08-31 13:14:48.365152,402593,6.862879436681862,427052.4548790659,-880.8256149291615,-873.0926611216569,-0.04979808328425861,78.41645288467407
2023-08-31 13:14:48.566843,402611,6.862879436681862,427052.4548790659,-878.2028091278835,-873.1424592049411,-0.04979808328425861,78.61814379692078
2023-08-31 13:14:48.766309,402631,6.862879436681862,427052.4548790659,-875.2885804597972,-873.1922572882254,-0.04979808328425861,78.81761002540588
2023-08-31 13:14:48.967088,402628,6.862879436681862,427052.4548790659,-875.7257147600099,-873.2420553715097,-0.04979808328425861,79.0183892250061
2023-08-31 13:14:49.166214,402612,6.862879436681862,427052.4548790659,-878.0570976944791,-873.2918534547939,-0.04979808328425861,79.21751499176025
2023-08-31 13:14:49.366477,402661,6.862879436681862,427052.4548790659,-870.9172374576674,-873.3416515380782,-0.04979808328425861,79.41777801513672
2023-08-31 13:14:49.567807,402608,6.862879436681862,427052.4548790659,-878.6399434280966,-873.3914496213624,-0.04979808328425861,79.61910796165466
2023-08-31 13:14:49.767308,402583,6.862879436681862,427052.4548790659,-882.2827292632046,-873.4412477046467,-0.04979808328425861,79.81860899925232
2023-08-31 13:14:49.968698,402689,6.862879436681862,427052.4548790659,-866.8373173223463,-873.4910457879314,-0.04979808328471336,80.0199990272522
2023-08-31 13:14:50.168480,402709,6.862879436681862,427052.4548790659,-863.9230886542596,-873.5408438712157,-0.04979808328425861,80.21978092193604
2023-08-31 13:14:50.368657,402697,6.862879436681862,427052.4548790659,-865.6716258551114,-873.5906419544999,-0.04979808328425861,80.41995787620544
2023-08-31 13:14:50.570125,402664,6.862879436681862,427052.4548790659,-870.4801031574543,-873.6404400377842,-0.04979808328425861,80.62142610549927
2023-08-31 13:14:50.769627,402666,6.862879436681862,427052.4548790659,-870.1886802906456,-873.6902381210684,-0.04979808328425861,80.82092785835266
2023-08-31 13:14:50.968837,402709,6.862879436681862,427052.4548790659,-863.9230886542596,-873.7400362043527,-0.04979808328425861,81.02013802528381
2023-08-31 13:14:51.170333,402641,6.862879436681862,427052.4548790659,-873.8314661257536,-873.789834287637,-0.04979808328425861,81.22163391113281
2023-08-31 13:14:51.372150,402663,6.862879436681862,427052.4548790659,-870.6258145908587,-873.8396323709212,-0.04979808328425861,81.42345094680786
2023-08-31 13:14:51.571919,402695,6.862879436681862,427052.4548790659,-865.9630487219201,-873.8894304542055,-0.04979808328425861,81.623220205307
2023-08-31 13:14:51.771852,402655,6.862879436681862,427052.4548790659,-871.7915060580931,-873.9392285374897,-0.04979808328425861,81.82315301895142
2023-08-31 13:14:51.971542,402650,6.862879436681862,427052.4548790659,-872.5200632251149,-873.9890266207744,-0.04979808328471336,82.0228431224823
2023-08-31 13:14:52.172077,402640,6.862879436681862,427052.4548790659,-873.977177559158,-874.0388247040587,-0.04979808328425861,82.22337794303894
