Time,Value,Factor,Baseline,Mass,Mass_smooth,Mass_derivative_smooth,ts,Mass_sigmoid,Flow_rate
2023-10-16 09:44:31.427076,385382,6.862879436681862,385485.97564687976,0.0,0.0,0.0176134699719519,10.209842205047607,-1.443219244062334,
2023-10-16 09:44:31.614865,385397,6.862879436681862,385485.97564687976,2.185671501064917,-0.07365632897361607,-0.07365632897361607,10.3976309299469,-1.4434375913845088,-0.0011627286052021816
2023-10-16 09:44:31.815289,385347,6.862879436681862,385485.97564687976,-5.099900169151475,-0.07365632897361607,0.0,10.598055124282837,-1.4437244328676115,-0.0014311719403595448
2023-10-16 09:44:32.028793,385323,6.862879436681862,385485.97564687976,-8.596974570855341,0.006404898171620488,0.08006122714523656,10.811559200286865,-1.444105753980466,-0.0017860132695888154
2023-10-16 09:44:32.216268,385345,6.862879436681862,385485.97564687976,-5.391323035960131,-0.13610408614690428,-0.14250898431852477,10.99903416633606,-1.4445204094377004,-0.002211791077885009
2023-10-16 09:44:32.428634,385397,6.862879436681862,385485.97564687976,2.185671501064917,-0.41791960569813824,-0.28181551955123396,11.211400270462036,-1.4451023057840757,-0.002740062256027941
2023-10-16 09:44:32.629637,385363,6.862879436681862,385485.97564687976,-2.7685172346822284,-0.7653853315084511,-0.3474657258103129,11.412403106689453,-1.4457890833008378,-0.0034167553535663603
2023-10-16 09:44:32.828892,385363,6.862879436681862,385485.97564687976,-2.7685172346822284,-1.2937894306670081,-0.528404099158557,11.611658096313477,-1.4466322539212797,-0.004231616091686902
2023-10-16 09:44:33.029191,385359,6.862879436681862,385485.97564687976,-3.35136296829954,-1.9887208822876445,-0.6949314516206364,11.811957120895386,-1.4476816435465025,-0.005239115005244062
2023-10-16 09:44:33.228793,385327,6.862879436681862,385485.97564687976,-8.01412883723803,-2.8838054017713723,-0.8950845194837278,12.011559247970581,-1.4489765561585273,-0.006487469001454671
2023-10-16 09:44:33.429277,385352,6.862879436681862,385485.97564687976,-4.371343002129834,-4.038288297205657,-1.1544828954342847,12.212043046951294,-1.4505873028479073,-0.008034298519727034
2023-10-16 09:44:33.628967,385338,6.862879436681862,385485.97564687976,-6.411303069790424,-5.391323035960134,-1.3530347387544772,12.411732912063599,-1.4525742320378185,-0.00995007527694928
2023-10-16 09:44:33.829519,385334,6.862879436681862,385485.97564687976,-6.994148803407736,-6.965326761635453,-1.5740037256753183,12.612285137176514,-1.455045733450902,-0.012323480388671239
2023-10-16 09:44:34.027041,385363,6.862879436681862,385485.97564687976,-2.7685172346822284,-8.712262737944481,-1.7469359763090289,12.809807062149048,-1.4580567924458592,-0.015244176034513295
2023-10-16 09:44:34.233015,385314,6.862879436681862,385485.97564687976,-9.908377471494294,-10.707388518403743,-1.9951257804592615,13.015781164169312,-1.4619529765442394,-0.018915893115518532
2023-10-16 09:44:34.428779,385351,6.862879436681862,385485.97564687976,-4.517054435534163,-12.97152002207098,-2.2641315036672367,13.21154522895813,-1.4665419727015205,-0.02344146338722355
2023-10-16 09:44:34.629060,385367,6.862879436681862,385485.97564687976,-2.185671501064917,-15.469430309002323,-2.4979102869313436,13.411826133728027,-1.472344005535433,-0.028969475849824587
2023-10-16 09:44:34.829055,385339,6.862879436681862,385485.97564687976,-6.265591636386098,-18.287585504514592,-2.8181551955122686,13.611821174621582,-1.4795195629646969,-0.03587867677720523
2023-10-16 09:44:35.028995,385346,6.862879436681862,385485.97564687976,-5.245611602555801,-21.321906013319012,-3.03432050880442,13.811761140823364,-1.4884023880871382,-0.0444274613584592
2023-10-16 09:44:35.229169,385311,6.862879436681862,385485.97564687976,-10.345511771707276,-24.56438571270105,-3.242479699382038,14.011934995651245,-1.4994155875136812,-0.05501817125924201
2023-10-16 09:44:35.427414,385320,6.862879436681862,385485.97564687976,-9.034108871068327,-28.163938485150798,-3.599552772449748,14.210180044174194,-1.5129097743829334,-0.06806821643109072
2023-10-16 09:44:35.630676,385356,6.862879436681862,385485.97564687976,-3.7884972685125256,-32.11736188158251,-3.9534233964317167,14.413442134857178,-1.5300574956232822,-0.08436261372069202
2023-10-16 09:44:35.835100,385313,6.862879436681862,385485.97564687976,-10.05408890489862,-36.28534936676347,-4.1679874851809515,14.617866039276123,-1.551500262335594,-0.10489363645245287
2023-10-16 09:44:36.029310,385326,6.862879436681862,385485.97564687976,-8.15984027064236,-40.74956339238173,-4.464214025618261,14.812076091766357,-1.5767011479680377,-0.12976097431265002
2023-10-16 09:44:36.228712,385355,6.862879436681862,385485.97564687976,-3.9342087019168517,-45.35308395323277,-4.603520560851038,15.011477947235107,-1.6086324815568105,-0.1601355890781919
2023-10-16 09:44:36.429030,385341,6.862879436681862,385485.97564687976,-5.974168769577442,-50.468996367813276,-5.115912414580507,15.211796045303345,-1.6483441943905746,-0.19824326017830143
2023-10-16 09:44:36.628635,385382,6.862879436681862,385485.97564687976,0.0,-55.68578592859683,-5.216789560783553,15.41140103340149,-1.6973327758943242,-0.24542764171635956
2023-10-16 09:44:36.829059,385352,6.862879436681862,385485.97564687976,-4.371343002129834,-61.13475304810147,-5.448967119504644,15.611825227737427,-1.7582320449841973,-0.3038518842081403
2023-10-16 09:44:37.029037,385402,6.862879436681862,385485.97564687976,2.9142286680865563,-66.78547446001218,-5.650721411910709,15.811803102493286,-1.8334685916596527,-0.37622435365565854
2023-10-16 09:44:37.227898,385369,6.862879436681862,385485.97564687976,-1.894248634256261,-72.74042853507476,-5.954954075062574,16.010664224624634,-1.9260188749930194,-0.46540159454715974
2023-10-16 09:44:37.436314,385352,6.862879436681862,385485.97564687976,-4.371343002129834,-78.8763209834856,-6.135892448410843,16.219080209732056,-2.046560503700789,-0.5783703617821829
2023-10-16 09:44:37.632887,385367,6.862879436681862,385485.97564687976,-2.185671501064917,-85.24919466424628,-6.3728736807606765,16.415653228759766,-2.1876006673046504,-0.7174950270463092
2023-10-16 09:44:37.828712,385386,6.862879436681862,385485.97564687976,0.5828457336173116,-91.86065080189985,-6.611456137653576,16.611478090286255,-2.3607459253009893,-0.8841842483464106
2023-10-16 09:44:38.028880,385330,6.862879436681862,385485.97564687976,-7.5769945370250475,-98.50733387949727,-6.646683077597416,16.811645984649658,-2.5792450589497093,-1.0915793181699587
2023-10-16 09:44:38.228379,385364,6.862879436681862,385485.97564687976,-2.6228058012779023,-105.28691859415574,-6.779584714658469,17.011144876480103,-2.848529675890404,-1.349805076459081
2023-10-16 09:44:38.428494,385329,6.862879436681862,385485.97564687976,-7.722705970429374,-112.25064413124832,-6.963725537092586,17.211260080337524,-3.182443894014,-1.6686099391103884
2023-10-16 09:44:38.629066,385390,6.862879436681862,385485.97564687976,1.1656914672346232,-119.41932640983259,-7.168682278584271,17.411832094192505,-3.596246630805126,-2.0631130377457247
2023-10-16 09:44:38.829135,385355,6.862879436681862,385485.97564687976,-3.9342087019168517,-126.69368950824872,-7.274363098416131,17.61190128326416,-4.106344457471664,-2.549607108588045
2023-10-16 09:44:39.028862,385365,6.862879436681862,385485.97564687976,-2.4770943678735726,-134.14738975547004,-7.45370024722132,17.811628103256226,-4.7350128985419815,-3.1476415690956907
2023-10-16 09:44:39.243078,385312,6.862879436681862,385485.97564687976,-10.19980033830295,-141.67955000529383,-7.532160249823789,18.02584409713745,-5.57329003679547,-3.913233195455426
2023-10-16 09:44:39.443296,385383,6.862879436681862,385485.97564687976,0.1457114334043279,-149.4102620984377,-7.730712093143865,18.226062059402466,-6.54619048408631,-4.859206618050977
2023-10-16 09:44:39.642950,385415,6.862879436681862,385485.97564687976,4.808477302342817,-157.1890109278687,-7.778748829431009,18.425715923309326,-7.740733071324598,-5.983067714610067
2023-10-16 09:44:39.843328,385371,6.862879436681862,385485.97564687976,-1.6028257674476052,-165.06063078078822,-7.871619852919508,18.626094102859497,-9.215109056679808,-7.3579667639711905
2023-10-16 09:44:40.043275,385351,6.862879436681862,385485.97564687976,-4.517054435534163,-173.09877798616984,-8.03814720538162,18.826041221618652,-11.021719137159721,-9.035439428642388
2023-10-16 09:44:40.244274,385361,6.862879436681862,385485.97564687976,-3.0599401014908842,-181.2265937659541,-8.127815779784271,19.027040004730225,-13.248234503283925,-11.077257939856725
2023-10-16 09:44:40.444229,385379,6.862879436681862,385485.97564687976,-0.4371343002129837,-189.42966709925483,-8.203073333300722,19.22699522972107,-15.957115841172254,-13.547439623107419
2023-10-16 09:44:40.645245,385323,6.862879436681862,385485.97564687976,-8.596974570855341,-197.6279367589269,-8.198269659672064,19.428010940551758,-19.278056981138434,-16.520803902553382
2023-10-16 09:44:40.845540,385330,6.862879436681862,385485.97564687976,-7.5769945370250475,-206.00554356740432,-8.377606808477424,19.6283061504364,-23.299689937558924,-20.078527882602273
2023-10-16 09:44:41.045433,385373,6.862879436681862,385485.97564687976,-1.3114029006389494,-214.27586833150716,-8.270324764102838,19.8281991481781,-28.154346879771083,-24.286278144096492
2023-10-16 09:44:41.244264,385229,6.862879436681862,385485.97564687976,-22.293849310862157,-222.70791677444328,-8.432048442936122,20.027029991149902,-33.96188708000568,-29.208447308440096
2023-10-16 09:44:41.443954,385146,6.862879436681862,385485.97564687976,-34.38789828342137,-231.35292808158576,-8.645011307142482,20.226720094680786,-40.93478186150105,-34.918579630146525
2023-10-16 09:44:41.646248,385113,6.862879436681862,385485.97564687976,-39.19637558576419,-240.06358959498738,-8.710661513401618,20.429013967514038,-49.33357720710762,-41.51779402893524
2023-10-16 09:44:41.845499,384999,6.862879436681862,385485.97564687976,-55.807478993857565,-248.77585233293178,-8.7122627379444,20.628264904022217,-59.08712369981299,-48.95106975973993
2023-10-16 09:44:42.045452,384904,6.862879436681862,385485.97564687976,-69.6500651672687,-257.5697775225644,-8.793925189632603,20.82821822166443,-70.51035366102724,-57.12948450124992
2023-10-16 09:44:42.245581,384743,6.862879436681862,385485.97564687976,-93.10960594536547,-266.448567612971,-8.878790090406596,21.02834725379944,-83.71931977094494,-66.0022484943951
2023-10-16 09:44:42.445673,384630,6.862879436681862,385485.97564687976,-109.57499792005453,-275.3273577033777,-8.87879009040671,21.22843909263611,-98.80110212584816,-75.37430033422861
2023-10-16 09:44:42.645008,384522,6.862879436681862,385485.97564687976,-125.31183272772194,-284.17092085384024,-8.843563150462558,21.42777395248413,-115.73900435711505,-84.97210294366344
2023-10-16 09:44:42.845102,384369,6.862879436681862,385485.97564687976,-147.6056820385841,-293.14898686590686,-8.97806601206662,21.627868175506592,-134.64902286566064,-94.50556954072036
2023-10-16 09:44:43.045540,384223,6.862879436681862,385485.97564687976,-168.87955131561597,-302.13345777614506,-8.984470910238201,21.828306198120117,-155.4254806613344,-103.65527221216853
2023-10-16 09:44:43.245207,384085,6.862879436681862,385485.97564687976,-188.9877291254132,-311.14194705452707,-9.008489278382001,22.027973175048828,-177.79552970277882,-112.036799402394
2023-10-16 09:44:43.444739,383970,6.862879436681862,385485.97564687976,-205.7445439669109,-320.1296204138511,-8.987673359324049,22.227505207061768,-201.60534779240834,-119.32829956889064
2023-10-16 09:44:43.650240,383825,6.862879436681862,385485.97564687976,-226.87270181053844,-329.2213733684642,-9.09175295461307,22.433006048202515,-227.36970224962636,-125.37347445489077
2023-10-16 09:44:43.845564,383619,6.862879436681862,385485.97564687976,-256.88925709182996,-338.40439612202243,-9.183022753558248,22.62832999229431,-252.73530584690923,-129.86428118286273
2023-10-16 09:44:44.045242,383466,6.862879436681862,385485.97564687976,-279.1831064026921,-347.57460907923763,-9.170212957215199,22.82800817489624,-279.24373172435514,-132.7557449292904
2023-10-16 09:44:44.245515,383296,6.862879436681862,385485.97564687976,-303.95405008142785,-356.8376930599415,-9.263083980703868,23.028281211853027,-306.11461283165283,-134.17123700528703
2023-10-16 09:44:44.445472,383122,6.862879436681862,385485.97564687976,-329.3078394937809,-365.96787540358406,-9.13018234364256,23.228238105773926,-332.9421135066576,-134.16642031665864
2023-10-16 09:44:44.645340,382912,6.862879436681862,385485.97564687976,-359.9072405086897,-375.14449325897084,-9.17661785538678,23.42810606956482,-359.504503871922,-132.89968968240734
2023-10-16 09:44:44.845338,382749,6.862879436681862,385485.97564687976,-383.65820415359514,-384.4572152005046,-9.312721941533766,23.628104209899902,-385.616472238042,-130.56105582967515
2023-10-16 09:44:45.044929,382537,6.862879436681862,385485.97564687976,-414.5490280353127,-393.6882746903502,-9.23105948984562,23.82769513130188,-411.0350995673916,-127.35362485829879
2023-10-16 09:44:45.246977,382446,6.862879436681862,385485.97564687976,-427.8087684751065,-402.9641684673971,-9.27589377704686,24.029743194580078,-435.97764049059157,-123.44855238160225
2023-10-16 09:44:45.446126,382209,6.862879436681862,385485.97564687976,-462.3423781919322,-412.3297308188466,-9.365562351449512,24.2288920879364,-459.6859808630788,-119.04831592544947
2023-10-16 09:44:45.643023,382096,6.862879436681862,385485.97564687976,-478.80777016662125,-421.700096843925,-9.370366025078397,24.42578911781311,-482.2047443666649,-114.36822341955433
2023-10-16 09:44:45.843346,381901,6.862879436681862,385485.97564687976,-507.2214996804652,-431.0960824616898,-9.39598561776478,24.62611198425293,-504.13378319815945,-109.46847567240876
2023-10-16 09:44:46.043448,381833,6.862879436681862,385485.97564687976,-517.1298771519595,-440.5401048157417,-9.444022354051924,24.8262140750885,-525.0302446755175,-104.42900116685502
2023-10-16 09:44:46.259994,381666,6.862879436681862,385485.97564687976,-541.4636865304822,-449.9729185979934,-9.432813782251685,25.042760133743286,-546.5053889743517,-99.17125452312968
2023-10-16 09:44:46.443068,381483,6.862879436681862,385485.97564687976,-568.1288788434742,-459.3657017666723,-9.392783168678932,25.225833892822266,-563.7475597150132,-94.18155189145936
2023-10-16 09:44:46.643017,381357,6.862879436681862,385485.97564687976,-586.4885194524195,-468.69763840272094,-9.331936636048624,25.425783157348633,-581.6425547386406,-89.49767865371474
2023-10-16 09:44:46.846328,381285,6.862879436681862,385485.97564687976,-596.9797426575311,-478.1608754512878,-9.463237048566839,25.629094123840332,-598.8637232131628,-84.70358865381368
2023-10-16 09:44:47.046662,381215,6.862879436681862,385485.97564687976,-607.179542995834,-487.5984929071681,-9.437617455880343,25.82942795753479,-614.9047437430557,-80.07144990974506
2023-10-16 09:44:47.259025,381141,6.862879436681862,385485.97564687976,-617.9621890677544,-497.0168956685336,-9.418402761365485,26.04179096221924,-630.9438875034657,-75.52701462405206
2023-10-16 09:44:47.459799,380986,6.862879436681862,385485.97564687976,-640.5474612454251,-506.4561143489566,-9.439218680422982,26.242565155029297,-645.2348246295164,-71.1791536852079
2023-10-16 09:44:47.660090,380865,6.862879436681862,385485.97564687976,-658.1785446873488,-515.8553024158074,-9.399188066850797,26.442856311798096,-658.6860835350067,-67.15852622997919
2023-10-16 09:44:47.859935,380811,6.862879436681862,385485.97564687976,-666.0469620911825,-525.3569688534036,-9.501666437596214,26.642701148986816,-671.3449504403821,-63.34347728693761
2023-10-16 09:44:48.059920,380716,6.862879436681862,385485.97564687976,-679.8895482645936,-534.8746475364293,-9.517678683025679,26.84268593788147,-683.289033906435,-59.72495974353644
2023-10-16 09:44:48.259850,380669,6.862879436681862,385485.97564687976,-686.7379856345971,-544.3603017285967,-9.48565419216743,27.04261612892151,-694.5440940895944,-56.294950375481115
2023-10-16 09:44:48.459989,380535,6.862879436681862,385485.97564687976,-706.263317710777,-553.7787044899623,-9.418402761365542,27.24275517463684,-705.1609496615273,-53.047397792801426
2023-10-16 09:44:48.660101,380528,6.862879436681862,385485.97564687976,-707.2832977446072,-563.3348125620175,-9.556108072055281,27.442867279052734,-715.1616825042894,-49.97565175756454
2023-10-16 09:44:48.859952,380434,6.862879436681862,385485.97564687976,-720.9801724846141,-572.9437610439886,-9.608948481971083,27.64271831512451,-724.5698781361538,-47.07604131952251
2023-10-16 09:44:49.059940,380375,6.862879436681862,385485.97564687976,-729.5771470554695,-582.5238874841874,-9.580126440198796,27.842706203460693,-733.4372665124837,-44.33962701493082
2023-10-16 09:44:49.259814,380315,6.862879436681862,385485.97564687976,-738.3198330597291,-592.1536518852163,-9.629764401028865,28.042579889297485,-741.783518814397,-41.75763441280848
2023-10-16 09:44:49.460098,380250,6.862879436681862,385485.97564687976,-747.7910762310104,-601.7385819990438,-9.584930113827568,28.24286413192749,-749.6588682407012,-39.32086380281404
2023-10-16 09:44:49.660191,380262,6.862879436681862,385485.97564687976,-746.0425390301584,-611.3651439509867,-9.626561951942904,28.442957162857056,-757.0667999180832,-37.02243722815977
2023-10-16 09:44:49.860233,380165,6.862879436681862,385485.97564687976,-760.1765480703783,-620.8652091640404,-9.500065213053631,28.642999172210693,-764.039796570613,-34.85766152349932
2023-10-16 09:44:50.062996,380182,6.862879436681862,385485.97564687976,-757.6994537025047,-630.4277221342674,-9.562512970226976,28.845762014389038,-770.6914101328979,-32.8048940862364
2023-10-16 09:44:50.262998,380057,6.862879436681862,385485.97564687976,-775.9133828780457,-640.0510816371246,-9.623359502857284,29.045764207839966,-776.8658355379196,-30.871788446343356
2023-10-16 09:44:50.460130,379946,6.862879436681862,385485.97564687976,-792.087351985926,-649.3766133750015,-9.325531737876872,29.24289608001709,-782.5977226302659,-29.076409760854087
2023-10-16 09:44:50.659673,379957,6.862879436681862,385485.97564687976,-790.4845262184784,-658.5788508230748,-9.202237448073333,29.442439079284668,-788.0625883266168,-27.3869076660653
2023-10-16 09:44:50.860120,379922,6.862879436681862,385485.97564687976,-795.58442638763,-667.7506650048331,-9.171814181758236,29.6428861618042,-793.2305379665792,-25.78211453618325
2023-10-16 09:44:51.059906,379871,6.862879436681862,385485.97564687976,-803.0157094912506,-676.7175224450993,-8.966857440266267,29.842672109603882,-798.0793484658416,-24.270027760531594
2023-10-16 09:44:51.260014,379814,6.862879436681862,385485.97564687976,-811.3212611952973,-685.5002390629314,-8.78271661783208,30.04278016090393,-802.6513244339886,-22.847536310728852
2023-10-16 09:44:51.459756,379782,6.862879436681862,385485.97564687976,-815.9840270642359,-694.1180295528445,-8.61779048991309,30.24252223968506,-806.9474405985925,-21.508318081096117
2023-10-16 09:44:51.663185,379829,6.862879436681862,385485.97564687976,-809.1355896942324,-702.5260596276376,-8.408030074793032,30.445950984954834,-811.0643095247736,-20.23740018020365
2023-10-16 09:44:51.863327,379731,6.862879436681862,385485.97564687976,-823.4153101678565,-710.7131207155089,-8.18706108787137,30.646093130111694,-814.8750352996203,-19.040096586653636
2023-10-16 09:44:52.059796,379723,6.862879436681862,385485.97564687976,-824.5810016350912,-718.6519919992307,-7.938871283721824,30.842561960220337,-818.3981876349934,-17.932372954146796
2023-10-16 09:44:52.259626,379737,6.862879436681862,385485.97564687976,-822.5410415674306,-726.3746979696601,-7.722705970429388,31.042392015457153,-821.7733169343475,-16.889998330602616
2023-10-16 09:44:52.459928,379701,6.862879436681862,385485.97564687976,-827.7866531699864,-733.8588214831964,-7.484123513536247,31.24269413948059,-824.9578957615585,-15.898876972659403
2023-10-16 09:44:52.659947,379673,6.862879436681862,385485.97564687976,-831.8665733053076,-741.1732151951854,-7.314393711989055,31.442713022232056,-827.9512640721586,-14.96542861065535
2023-10-16 09:44:52.859878,379632,6.862879436681862,385485.97564687976,-837.840742074885,-748.2954619620255,-7.122246766840021,31.642643928527832,-830.7678000463465,-14.087546674855446
2023-10-16 09:44:53.059908,379612,6.862879436681862,385485.97564687976,-840.7549707429715,-755.0590344312546,-6.763572469229189,31.842674255371094,-833.4204258365226,-13.261118111628281
2023-10-16 09:44:53.259949,379561,6.862879436681862,385485.97564687976,-848.1862538465923,-761.6160489344495,-6.557014503194864,32.042715072631836,-835.9175239910512,-12.482943174911288
2023-10-16 09:44:53.462895,379609,6.862879436681862,385485.97564687976,-841.1921050431846,-767.9184687353226,-6.302419800873054,32.24566125869751,-838.3011862509361,-11.745292218073653
2023-10-16 09:44:53.669149,379589,6.862879436681862,385485.97564687976,-844.1063337112711,-773.9198583221291,-6.001389586806567,32.45191502571106,-840.5784039268096,-11.040853744620057
2023-10-16 09:44:53.859516,379540,6.862879436681862,385485.97564687976,-851.2461939480831,-779.5753834076684,-5.655525085539239,32.642282009124756,-842.5578602554881,-10.39810734604537
2023-10-16 09:44:54.059872,379548,6.862879436681862,385485.97564687976,-850.0805024808485,-784.9506941981996,-5.375310790531216,32.84263801574707,-844.5217273622727,-9.801887848995964
2023-10-16 09:44:54.259906,379533,6.862879436681862,385485.97564687976,-852.2661739819134,-789.9801404874635,-5.029446289263888,33.0426721572876,-846.367285582599,-9.226216115474521
2023-10-16 09:44:54.460240,379506,6.862879436681862,385485.97564687976,-856.2003826838303,-794.8446606488078,-4.8645201613443305,33.243005990982056,-848.1070622653912,-8.684387707797631
2023-10-16 09:44:54.663372,379489,6.862879436681862,385485.97564687976,-858.6774770517039,-799.3216844707695,-4.477023821961666,33.44613814353943,-849.7667698876031,-8.170580586661105
2023-10-16 09:44:54.860029,379514,6.862879436681862,385485.97564687976,-855.0346912165957,-803.6417882875263,-4.320103816756841,33.64279508590698,-851.2793244188757,-7.691335546373034
2023-10-16 09:44:55.059989,379454,6.862879436681862,385485.97564687976,-863.7773772208553,-807.60161658213,-3.9598282946036534,33.84275507926941,-852.7277904853039,-7.243779328412171
2023-10-16 09:44:55.259848,379511,6.862879436681862,385485.97564687976,-855.4718255168087,-811.5086044668172,-3.9069878846872825,34.0426139831543,-854.0906140703273,-6.8189285467529785
2023-10-16 09:44:55.467425,379503,6.862879436681862,385485.97564687976,-856.6375169840433,-815.0809364220378,-3.572331955220534,34.25019121170044,-855.4215338908413,-6.41168508624774
2023-10-16 09:44:55.659924,379524,6.862879436681862,385485.97564687976,-853.5775768825524,-818.3970724503931,-3.316136028355345,34.44269013404846,-856.5833155104873,-6.035262979527897
2023-10-16 09:44:55.860102,379457,6.862879436681862,385485.97564687976,-863.3402429206424,-821.4538101027985,-3.0567376524053316,34.64286804199219,-857.7218260877123,-5.6874936346376455
2023-10-16 09:44:56.062703,379492,6.862879436681862,385485.97564687976,-858.2403427514909,-824.5089465306604,-3.055136427861953,34.8454692363739,-858.8060550486997,-5.351542789746
2023-10-16 09:44:56.277679,379448,6.862879436681862,385485.97564687976,-864.6516458212814,-827.3847458097172,-2.875799279056764,35.0604453086853,-859.8861515765802,-5.024263939086045
2023-10-16 09:44:56.476594,379469,6.862879436681862,385485.97564687976,-861.5917057197904,-830.1532630443994,-2.7685172346822355,35.25936007499695,-860.8249132988573,-4.719416962772139
2023-10-16 09:44:56.676316,379459,6.862879436681862,385485.97564687976,-863.0488200538338,-832.6944063939892,-2.541143349589788,35.45908212661743,-861.7123619850238,-4.443418635879392
2023-10-16 09:44:56.876388,379456,6.862879436681862,385485.97564687976,-863.4859543540467,-835.033795451173,-2.33938905718378,35.659154176712036,-862.5492286019779,-4.18282621964643
2023-10-16 09:44:57.076480,379411,6.862879436681862,385485.97564687976,-870.0429688572415,-837.3219453229837,-2.288149871810674,35.859246015548706,-863.3370491059662,-3.937294537191958
2023-10-16 09:44:57.276623,379441,6.862879436681862,385485.97564687976,-865.6716258551116,-839.4819972313624,-2.160051908378705,36.05938911437988,-864.0788066191814,-3.7061358475358475
2023-10-16 09:44:57.476443,379430,6.862879436681862,385485.97564687976,-867.2744516225592,-841.5267609726518,-2.0447637412894437,36.2592089176178,-864.7759159505177,-3.4886899098102218
2023-10-16 09:44:57.677468,379415,6.862879436681862,385485.97564687976,-869.4601231236242,-843.3457520533917,-1.81899108073992,36.46023392677307,-865.4359959925015,-3.2835717543676144
2023-10-16 09:44:57.876470,379414,6.862879436681862,385485.97564687976,-869.6058345570285,-845.1503321132449,-1.8045800598531514,36.65923619270325,-866.0510881734806,-3.0908802877396515
2023-10-16 09:44:58.076687,379388,6.862879436681862,385485.97564687976,-873.394331825541,-846.863642374153,-1.713310260908088,36.859453201293945,-866.6336929101903,-2.909866353566234
2023-10-16 09:44:58.276529,379337,6.862879436681862,385485.97564687976,-880.8256149291617,-848.4376460998282,-1.5740037256751975,37.05929493904114,-867.1810792194927,-2.7390990264249084
2023-10-16 09:44:58.476831,379375,6.862879436681862,385485.97564687976,-875.2885804597972,-849.9492020683304,-1.5115559685021935,37.259597063064575,-867.6975228688725,-2.578323379732794
2023-10-16 09:44:58.676829,379367,6.862879436681862,385485.97564687976,-876.4542719270319,-851.3022368070848,-1.3530347387544452,37.45959496498108,-868.1829026917286,-2.426924573732417
2023-10-16 09:44:58.879286,379390,6.862879436681862,385485.97564687976,-873.1029089587323,-852.7385352220705,-1.4362984149856857,37.662052154541016,-868.645250417456,-2.2836814377025543
2023-10-16 09:44:59.076608,379358,6.862879436681862,385485.97564687976,-877.7656748276709,-853.9682756710212,-1.229740448950679,37.859374046325684,-869.0694406743995,-2.149737432105956
2023-10-16 09:44:59.276595,379363,6.862879436681862,385485.97564687976,-877.0371176606492,-855.228439386287,-1.2601637152658896,38.05936098098755,-869.4743001096027,-2.0244294252908914
2023-10-16 09:44:59.476939,379405,6.862879436681862,385485.97564687976,-870.9172374576674,-856.2756402373468,-1.0472008510597561,38.25970506668091,-869.8560654155912,-1.9055481706245938
2023-10-16 09:44:59.676616,379399,6.862879436681862,385485.97564687976,-871.7915060580934,-857.1595161850303,-0.8838759476834639,38.45938205718994,-870.2142318761117,-1.7937292604796928
2023-10-16 09:44:59.876460,379385,6.862879436681862,385485.97564687976,-873.831466125754,-858.0546007045142,-0.8950845194839303,38.659226179122925,-870.551689005426,-1.6886017264369708
2023-10-16 09:45:00.076538,379399,6.862879436681862,385485.97564687976,-871.7915060580934,-858.9176607331399,-0.8630600286256822,38.85930418968201,-870.8697208742806,-1.5895393400096074
2023-10-16 09:45:00.276474,379419,6.862879436681862,385485.97564687976,-868.8772773900068,-859.617395858389,-0.6997351252491626,39.059240102767944,-871.1688783553167,-1.4962668608091383
2023-10-16 09:45:00.479492,379361,6.862879436681862,385485.97564687976,-877.3285405274579,-860.3555603726679,-0.7381645142788784,39.26225829124451,-871.4546972257214,-1.4078485900669875
2023-10-16 09:45:00.676590,379379,6.862879436681862,385485.97564687976,-874.7057347261799,-860.9271975344849,-0.571637161816966,39.45935606956482,-871.7158922692796,-1.325205417251157
2023-10-16 09:45:00.876426,379409,6.862879436681862,385485.97564687976,-870.3343917240501,-861.6429449051631,-0.715747370678173,39.65919208526611,-871.9652936492632,-1.2480301866927634
2023-10-16 09:45:01.076429,379411,6.862879436681862,385485.97564687976,-870.0429688572415,-862.2241894142377,-0.5812445090746223,39.85919523239136,-872.2002630845784,-1.1748286899107572
2023-10-16 09:45:01.276370,379400,6.862879436681862,385485.97564687976,-871.6457946246891,-862.8342559650845,-0.6100665508467955,40.05913591384888,-872.4213780522545,-1.1059028411035174
2023-10-16 09:45:01.476416,379411,6.862879436681862,385485.97564687976,-870.0429688572415,-863.4507274141027,-0.6164714490182632,40.25918221473694,-872.6296291056827,-1.0410142677160235
2023-10-16 09:45:01.676341,379402,6.862879436681862,385485.97564687976,-871.3543717578804,-864.0207633513767,-0.5700359372739285,40.45910716056824,-872.825542558922,-0.9799350072333136
2023-10-16 09:45:01.876477,379377,6.862879436681862,385485.97564687976,-874.9971575929886,-864.4562964270468,-0.43553307567015054,40.65924310684204,-873.0101534407933,-0.9224274065121923
2023-10-16 09:45:02.076218,379395,6.862879436681862,385485.97564687976,-872.3743517917108,-864.8293817455436,-0.3730853184968055,40.85898423194885,-873.1835922497969,-0.8683179736315968
2023-10-16 09:45:02.276435,379371,6.862879436681862,385485.97564687976,-875.8714261934145,-865.1688413486395,-0.339459603095861,41.05920100212097,-873.3472441695193,-0.8173736874373595
2023-10-16 09:45:02.476254,379360,6.862879436681862,385485.97564687976,-877.4742519608621,-865.3673931919598,-0.1985518433202742,41.25902009010315,-873.5009866172887,-0.769408214810581
2023-10-16 09:45:02.676563,379374,6.862879436681862,385485.97564687976,-875.4342918932016,-865.6812332023691,-0.313840010409308,41.45932912826538,-873.6460601076705,-0.7242483500131601
2023-10-16 09:45:02.876610,379380,6.862879436681862,385485.97564687976,-874.5600232927757,-865.9182144347191,-0.23698123234999002,41.65937614440918,-873.7824351272697,-0.6817148399812669
2023-10-16 09:45:03.076529,379392,6.862879436681862,385485.97564687976,-872.8114860919237,-866.1535944425259,-0.23538000780683888,41.85929489135742,-873.9107264300046,-0.6417172210877198
2023-10-16 09:45:03.276427,379396,6.862879436681862,385485.97564687976,-872.2286403583064,-866.3553487349319,-0.20175429240600806,42.05919313430786,-874.031480966626,-0.6040800301145548
2023-10-16 09:45:03.476403,379408,6.862879436681862,385485.97564687976,-870.4801031574544,-866.473839351107,-0.1184906161751087,42.25916910171509,-874.145196391499,-0.5686454544883071
2023-10-16 09:45:03.679233,379413,6.862879436681862,385485.97564687976,-869.7515459904328,-866.6627838471699,-0.18894449606284525,42.46199917793274,-874.2537215391015,-0.5350545127543507
2023-10-16 09:45:03.876605,379398,6.862879436681862,385485.97564687976,-871.9372174914977,-866.8277099750887,-0.16492612791887495,42.65937113761902,-874.3531258892267,-0.5036396775061541
2023-10-16 09:45:04.076371,379428,6.862879436681862,385485.97564687976,-867.5658744893678,-867.0534826356383,-0.2257726605495236,42.85913705825806,-874.447873790928,-0.47429462141614026
2023-10-16 09:45:04.276643,379393,6.862879436681862,385485.97564687976,-872.6657746585194,-867.2552369280446,-0.20175429240634912,43.05940914154053,-874.5372877321186,-0.4464623312696151
2023-10-16 09:45:04.476599,379435,6.862879436681862,385485.97564687976,-866.5458944555376,-867.4681997922505,-0.21296286420590604,43.25936508178711,-874.6213193522105,-0.42025068116688724
2023-10-16 09:45:04.676388,379412,6.862879436681862,385485.97564687976,-869.8972574238371,-867.6907700037142,-0.22257021146367606,43.45915412902832,-874.7003572748189,-0.3956068848604662
2023-10-16 09:45:04.876769,379448,6.862879436681862,385485.97564687976,-864.6516458212814,-867.8829169488629,-0.1921469451486928,43.65953516960144,-874.7749761119836,-0.3723847173929917
2023-10-16 09:45:05.076488,379377,6.862879436681862,385485.97564687976,-874.9971575929886,-867.9311045251434,-0.048187576280497524,43.859254121780396,-874.8449833442677,-0.35052873811064655
2023-10-16 09:45:05.291488,379419,6.862879436681862,385485.97564687976,-868.8772773900068,-867.9792921014237,-0.04818757628027015,44.07425403594971,-874.9157689320782,-0.329235423576848
2023-10-16 09:45:05.479696,379412,6.862879436681862,385485.97564687976,-869.8972574238371,-868.027479677704,-0.04818757628038384,44.26246190071106,-874.9740670639537,-0.3097539624576229
2023-10-16 09:45:05.692061,379399,6.862879436681862,385485.97564687976,-871.7915060580934,-868.0756672539843,-0.04818757628027015,44.47482705116272,-875.0359851165923,-0.2915640937644481
2023-10-16 09:45:05.894103,379404,6.862879436681862,385485.97564687976,-871.0629488910718,-868.1238548302646,-0.04818757628027015,44.67686915397644,-875.0913152537145,-0.2738544904829489
2023-10-16 09:45:06.095164,379382,6.862879436681862,385485.97564687976,-874.268600425967,-868.172042406545,-0.04818757628038384,44.87792992591858,-875.143121440595,-0.25766431900219194
2023-10-16 09:45:06.294168,379367,6.862879436681862,385485.97564687976,-876.4542719270319,-868.2202299828252,-0.04818757628027015,45.07693409919739,-875.1913883648164,-0.24254227148162946
2023-10-16 09:45:06.495163,379392,6.862879436681862,385485.97564687976,-872.8114860919237,-868.2684175591056,-0.04818757628038384,45.277929067611694,-875.2372778074479,-0.22831139999939992
2023-10-16 09:45:06.695209,379399,6.862879436681862,385485.97564687976,-871.7915060580934,-868.3166051353859,-0.04818757628027015,45.47797513008118,-875.280263844774,-0.2148806969530663
2023-10-16 09:45:06.894183,379401,6.862879436681862,385485.97564687976,-871.5000831912847,-868.3647927116662,-0.04818757628027015,45.67694902420044,-875.3205166286831,-0.2023018350585278
2023-10-16 09:45:07.095187,379364,6.862879436681862,385485.97564687976,-876.8914062272448,-868.4129802879465,-0.04818757628038384,45.87795305252075,-875.3587943573042,-0.19043264426570958
2023-10-16 09:45:07.295778,379392,6.862879436681862,385485.97564687976,-872.8114860919237,-868.4611678642268,-0.04818757628027015,46.07854413986206,-875.3947433573859,-0.17921534081189108
2023-10-16 09:45:07.497157,379371,6.862879436681862,385485.97564687976,-875.8714261934145,-868.5093554405071,-0.04818757628027015,46.2799232006073,-875.4287058419609,-0.1686495331208481
2023-10-16 09:45:07.698259,379405,6.862879436681862,385485.97564687976,-870.9172374576674,-868.5575430167875,-0.04818757628038384,46.481024980545044,-875.4606195142819,-0.15869413155320938
2023-10-16 09:45:07.898289,379365,6.862879436681862,385485.97564687976,-876.7456947938406,-868.6057305930677,-0.04818757628027015,46.68105506896973,-875.4904953426195,-0.14935667215306844
2023-10-16 09:45:08.099308,379397,6.862879436681862,385485.97564687976,-872.082928924902,-868.6539181693481,-0.04818757628038384,46.88207411766052,-875.5187527557987,-0.14057082332849588
2023-10-16 09:45:08.297107,379395,6.862879436681862,385485.97564687976,-872.3743517917108,-868.7021057456284,-0.04818757628027015,47.07987308502197,-875.5449305752621,-0.13234558204545793
2023-10-16 09:45:08.498113,379403,6.862879436681862,385485.97564687976,-871.2086603244761,-868.7502933219087,-0.04818757628027015,47.28087902069092,-875.5699765357333,-0.124603088897959
2023-10-16 09:45:08.698131,379394,6.862879436681862,385485.97564687976,-872.520063225115,-868.798480898189,-0.04818757628038384,47.480896949768066,-875.5934333291412,-0.11727345401570266
2023-10-16 09:45:08.899042,379398,6.862879436681862,385485.97564687976,-871.9372174914977,-868.8466684744693,-0.04818757628027015,47.68180823326111,-875.6156092883691,-0.11037687302731239
2023-10-16 09:45:09.096240,379383,6.862879436681862,385485.97564687976,-874.1228889925626,-868.8948560507497,-0.04818757628038384,47.879006147384644,-875.6361039559243,-0.10392943376869343
2023-10-16 09:45:09.295328,379434,6.862879436681862,385485.97564687976,-866.6916058889419,-868.94304362703,-0.04818757628027015,48.07809400558472,-875.6555919530931,-0.09788641730819402
2023-10-16 09:45:09.502061,379353,6.862879436681862,385485.97564687976,-878.4942319946924,-868.9912312033102,-0.04818757628027015,48.28482723236084,-875.6746243926749,-0.09206279937962367
2023-10-16 09:45:09.701013,379425,6.862879436681862,385485.97564687976,-868.0030087895809,-869.0394187795906,-0.04818757628038384,48.483779191970825,-875.6918507205698,-0.08658536426942155
2023-10-16 09:45:09.901956,379382,6.862879436681862,385485.97564687976,-874.268600425967,-869.0876063558709,-0.04818757628027015,48.68472218513489,-875.7082288520098,-0.08150635751009404
2023-10-16 09:45:10.102989,379368,6.862879436681862,385485.97564687976,-876.3085604936275,-869.1357939321512,-0.04818757628027015,48.88575506210327,-875.7236482597912,-0.07670092580808166
2023-10-16 09:45:10.301991,379342,6.862879436681862,385485.97564687976,-880.0970577621401,-869.1839815084315,-0.04818757628038384,49.08475708961487,-875.7380161584131,-0.07219975998021237
2023-10-16 09:45:10.501011,379352,6.862879436681862,385485.97564687976,-878.6399434280968,-869.2321690847118,-0.04818757628027015,49.2837769985199,-875.7515462562708,-0.0679836400898319
2023-10-16 09:45:10.701090,379345,6.862879436681862,385485.97564687976,-879.6599234619271,-869.2803566609922,-0.04818757628038384,49.483856201171875,-875.7643520054428,-0.0640033996650689
2023-10-16 09:45:10.896394,379401,6.862879436681862,385485.97564687976,-871.5000831912847,-869.3285442372725,-0.04818757628027015,49.67916011810303,-875.7761267845548,-0.06028951849511038
2023-10-16 09:45:11.103885,379399,6.862879436681862,385485.97564687976,-871.7915060580934,-869.3767318135527,-0.04818757628027015,49.886651277542114,-875.787897552837,-0.05672901107695476
2023-10-16 09:45:11.303080,379400,6.862879436681862,385485.97564687976,-871.6457946246891,-869.4249193898331,-0.04818757628038384,50.085845947265625,-875.798523733196,-0.05334570635752289
2023-10-16 09:45:11.502053,379437,6.862879436681862,385485.97564687976,-866.254471588729,-869.4731069661134,-0.04818757628027015,50.28481912612915,-875.8085180458634,-0.05022944662406097
2023-10-16 09:45:11.704857,379413,6.862879436681862,385485.97564687976,-869.7515459904328,-869.5212945423938,-0.04818757628038384,50.48762321472168,-875.8181045385608,-0.047269721059004684
2023-10-16 09:45:11.903955,379441,6.862879436681862,385485.97564687976,-865.6716258551116,-869.569482118674,-0.04818757628027015,50.686721086502075,-875.8269610177629,-0.04448304305270291
2023-10-16 09:45:12.104096,379393,6.862879436681862,385485.97564687976,-872.6657746585194,-869.6176696949543,-0.04818757628027015,50.88686203956604,-875.8353424820389,-0.041877807353701585
2023-10-16 09:45:12.305975,379422,6.862879436681862,385485.97564687976,-868.4401430897939,-869.6658572712347,-0.04818757628038384,51.088741064071655,-875.8432982563284,-0.03940862260934701
2023-10-16 09:45:12.496278,379459,6.862879436681862,385485.97564687976,-863.0488200538338,-869.714044847515,-0.04818757628027015,51.27904415130615,-875.8503660136917,-0.03713947821872647
2023-10-16 09:45:12.706970,379388,6.862879436681862,385485.97564687976,-873.394331825541,-869.7622324237954,-0.04818757628038384,51.48973631858826,-875.857730986596,-0.03495608308268233
2023-10-16 09:45:12.905094,379386,6.862879436681862,385485.97564687976,-873.6857546923496,-869.8104200000756,-0.04818757628027015,51.68786001205444,-875.8642414316017,-0.03286050694789313
2023-10-16 09:45:13.107059,379373,6.862879436681862,385485.97564687976,-875.580003326606,-869.8586075763559,-0.04818757628027015,51.889825105667114,-875.8704886411033,-0.03093212490247123
2023-10-16 09:45:13.306032,379328,6.862879436681862,385485.97564687976,-882.1370178298007,-869.9067951526363,-0.04818757628038384,52.08879828453064,-875.8762813204938,-0.02911286548078541
2023-10-16 09:45:13.509455,379378,6.862879436681862,385485.97564687976,-874.8514461595843,-869.9549827289165,-0.04818757628027015,52.29222130775452,-875.8818540695238,-0.027394878621152335
2023-10-16 09:45:13.706851,379364,6.862879436681862,385485.97564687976,-876.8914062272448,-870.0031703051968,-0.04818757628027015,52.489617109298706,-875.8869437242408,-0.02578400694049317
2023-10-16 09:45:13.908106,379404,6.862879436681862,385485.97564687976,-871.0629488910718,-870.0513578814772,-0.04818757628038384,52.69087219238281,-875.891829428434,-0.024276177864859902
