,Time,Value,Factor,Baseline,Mass,Mass_smooth,Mass_derivative_smooth
0,2023-02-24 11:03:35.659678,-673312,6.862879436681862,-673277.0549363057,-5.0918953212967155,4.976882236162827,
1,2023-02-24 11:03:35.842264,-673277,6.862879436681862,-673277.0549363057,0.00800484785475887,4.505552752788021,-0.47132948337480585
2,2023-02-24 11:03:36.042757,-673246,6.862879436681862,-673277.0549363057,4.525059283388922,4.034223269413215,-0.47132948337480585
3,2023-02-24 11:03:36.243176,-673282,6.862879436681862,-673277.0549363057,-0.7205523191668803,3.56289378603841,-0.4713294833748054
4,2023-02-24 11:03:36.443340,-673309,6.862879436681862,-673277.0549363057,-4.654761021083732,3.091564302663604,-0.47132948337480585
5,2023-02-24 11:03:36.644264,-673203,6.862879436681862,-673277.0549363057,10.790650919775018,2.620234819288798,-0.47132948337480585
6,2023-02-24 11:03:36.844400,-673236,6.862879436681862,-673277.0549363057,5.9821736174322,2.1489053359139927,-0.4713294833748054
7,2023-02-24 11:03:37.044634,-673253,6.862879436681862,-673277.0549363057,3.505079249558627,1.6775758525391868,-0.47132948337480585
8,2023-02-24 11:03:37.244510,-673279,6.862879436681862,-673277.0549363057,-0.2834180189538968,1.206246369164381,-0.47132948337480585
9,2023-02-24 11:03:37.445520,-673243,6.862879436681862,-673277.0549363057,4.9621935836019055,0.7349168857895751,-0.47132948337480585
10,2023-02-24 11:03:37.645591,-673272,6.862879436681862,-673277.0549363057,0.736562014876398,0.2635874024147693,-0.47132948337480585
11,2023-02-24 11:03:37.846041,-673260,6.862879436681862,-673277.0549363057,2.485099215728332,-0.20774208096003655,-0.47132948337480585
12,2023-02-24 11:03:38.046290,-673266,6.862879436681862,-673277.0549363057,1.610830615302365,-0.6790715643348415,-0.47132948337480496
13,2023-02-24 11:03:38.246575,-673242,6.862879436681862,-673277.0549363057,5.107905017006233,-1.1504010477096474,-0.47132948337480585
14,2023-02-24 11:03:38.448046,-673287,6.862879436681862,-673277.0549363057,-1.4491094861885194,-1.6217305310844532,-0.47132948337480585
15,2023-02-24 11:03:38.647633,-673331,6.862879436681862,-673277.0549363057,-7.860412555978944,-2.093060014459259,-0.47132948337480585
16,2023-02-24 11:03:38.847915,-673283,6.862879436681862,-673277.0549363057,-0.8662637525712081,-3.442065865654165,-1.3490058511949061
17,2023-02-24 11:03:39.048366,-673276,6.862879436681862,-673277.0549363057,0.1537162812590867,-5.881557282971783,-2.4394914173176176
18,2023-02-24 11:03:39.248789,-673243,6.862879436681862,-673277.0549363057,4.9621935836019055,-9.185916563076379,-3.3043592801045962
19,2023-02-24 11:03:39.449361,-673292,6.862879436681862,-673277.0549363057,-2.1776666532101587,-13.247035223119582,-4.061118660043203
20,2023-02-24 11:03:39.649928,-673278,6.862879436681862,-673277.0549363057,-0.13770658554956897,-18.158920639491278,-4.911885416371696
21,2023-02-24 11:03:39.850037,-673335,6.862879436681862,-673277.0549363057,-8.443258289596255,-24.565523340462207,-6.406602700970929
22,2023-02-24 11:03:40.050308,-673338,6.862879436681862,-673277.0549363057,-8.880392589809238,-31.94510238706849,-7.379579046606285
23,2023-02-24 11:03:40.250935,-673310,6.862879436681862,-673277.0549363057,-4.80047245448806,-40.51387474500686,-8.568772357938368
24,2023-02-24 11:03:40.451041,-673347,6.862879436681862,-673277.0549363057,-10.19179549044819,-50.01332012920514,-9.499445384198282
25,2023-02-24 11:03:40.652160,-673299,6.862879436681862,-673277.0549363057,-3.1976466870404536,-60.81476767640338,-10.801447547198237
26,2023-02-24 11:03:40.852253,-673271,6.862879436681862,-673277.0549363057,0.8822734482807258,-72.9088166489626,-12.094048972559222
27,2023-02-24 11:03:41.052195,-673321,6.862879436681862,-673277.0549363057,-6.403298221935666,-86.09335118764454,-13.184534538681945
28,2023-02-24 11:03:41.252810,-673291,6.862879436681862,-673277.0549363057,-2.031955219805831,-100.4059742430051,-14.312623055360561
29,2023-02-24 11:03:41.453013,-673368,6.862879436681862,-673277.0549363057,-13.251735591939074,-116.23211605824292,-15.826141815237818
30,2023-02-24 11:03:41.653304,-673484,6.862879436681862,-673277.0549363057,-30.154261866841104,-133.1675449148814,-16.93542885663848
31,2023-02-24 11:03:41.853938,-673599,6.862879436681862,-673277.0549363057,-46.911076708338804,-151.18875896882315,-18.021214053941748
32,2023-02-24 11:03:42.054191,-673796,6.862879436681862,-673277.0549363057,-75.61622908899139,-170.66238698798858,-19.47362801916543
33,2023-02-24 11:03:42.254019,-673949,6.862879436681862,-673277.0549363057,-97.91007839985355,-191.1747965162624,-20.51240952827382
34,2023-02-24 11:03:42.454869,-674146,6.862879436681862,-673277.0549363057,-126.61523078050612,-212.75889013538085,-21.58409361911845
35,2023-02-24 11:03:42.654884,-674354,6.862879436681862,-673277.0549363057,-156.92320892860633,-235.12324497853547,-22.364354843154615
36,2023-02-24 11:03:42.855193,-674566,6.862879436681862,-673277.0549363057,-187.81403281032382,-258.1080485058633,-22.984803527327813
37,2023-02-24 11:03:43.055586,-674806,6.862879436681862,-673277.0549363057,-222.7847768273625,-281.53468670222355,-23.426638196360273
38,2023-02-24 11:03:43.255629,-675076,6.862879436681862,-673277.0549363057,-262.126863846531,-305.7180842785225,-24.183397576298944
39,2023-02-24 11:03:43.456514,-675300,6.862879436681862,-673277.0549363057,-294.7662249291004,-330.54543238309225,-24.82734810456975
40,2023-02-24 11:03:43.657161,-675541,6.862879436681862,-673277.0549363057,-329.88268037954344,-355.5419937651637,-24.996561382071434
41,2023-02-24 11:03:43.857570,-675845,6.862879436681862,-673277.0549363057,-374.1789561344591,-381.17310493786704,-25.631111172703356
42,2023-02-24 11:03:44.057590,-676065,6.862879436681862,-673277.0549363057,-406.23547148341123,-407.0016316009889,-25.828526663121863
43,2023-02-24 11:03:44.258155,-676311,6.862879436681862,-673277.0549363057,-442.0804841008759,-433.1121803932805,-26.11054879229158
44,2023-02-24 11:03:44.458760,-676609,6.862879436681862,-673277.0549363057,-485.50249125536556,-459.8760804514819,-26.763900058201443
45,2023-02-24 11:03:44.658940,-676890,6.862879436681862,-673277.0549363057,-526.4474040419817,-486.5506735021129,-26.67459305063096
46,2023-02-24 11:03:44.859000,-677165,6.862879436681862,-673277.0549363057,-566.5180482281719,-512.8304355719063,-26.279762069793378
47,2023-02-24 11:03:45.059305,-677426,6.862879436681862,-673277.0549363057,-604.5487323467014,-538.6730633414868,-25.84262776958053
48,2023-02-24 11:03:45.260152,-677640,6.862879436681862,-673277.0549363057,-635.7309790952276,-563.5004114460565,-24.82734810456975
49,2023-02-24 11:03:45.460161,-677835,6.862879436681862,-673277.0549363057,-664.1447086090715,-587.7073108664529,-24.206899420396326
50,2023-02-24 11:03:45.680515,-678050,6.862879436681862,-673277.0549363057,-695.472666791002,-611.16215127573,-23.454840409277153
51,2023-02-24 11:03:45.877795,-678168,6.862879436681862,-673277.0549363057,-712.6666159327127,-633.8085282480542,-22.64637697232422
52,2023-02-24 11:03:46.094763,-678319,6.862879436681862,-673277.0549363057,-734.6690423767661,-655.2281089584905,-21.419580710436207
53,2023-02-24 11:03:46.263218,-678483,6.862879436681862,-673277.0549363057,-758.565717455076,-675.7170166426669,-20.48890768417641
54,2023-02-24 11:03:46.467400,-678592,6.862879436681862,-673277.0549363057,-774.4482636961477,-694.9321243767603,-19.215107734093408
55,2023-02-24 11:03:46.696612,-678665,6.862879436681862,-673277.0549363057,-785.0851983346636,-713.2165590845937,-18.284434707833384
56,2023-02-24 11:03:46.866817,-678752,6.862879436681862,-673277.0549363057,-797.7620930408401,-730.0391790895641,-16.822620004970418
57,2023-02-24 11:03:47.092250,-678766,6.862879436681862,-673277.0549363057,-799.8020531085007,-745.493991768062,-15.454812678497888
58,2023-02-24 11:03:47.285572,-678876,6.862879436681862,-673277.0549363057,-815.8303107829768,-760.173243591343,-14.679251823280993
59,2023-02-24 11:03:47.482085,-678985,6.862879436681862,-673277.0549363057,-831.7128570240485,-773.5739950957217,-13.400751504378718
60,2023-02-24 11:03:47.672436,-679043,6.862879436681862,-673277.0549363057,-840.1641201614996,-785.7526507070319,-12.178655611310205
61,2023-02-24 11:03:47.880809,-679075,6.862879436681862,-673277.0549363057,-844.826886030438,-796.685708581176,-10.933057874144083
62,2023-02-24 11:03:48.087564,-679097,6.862879436681862,-673277.0549363057,-848.0325375653332,-806.4342735128073,-9.748564931631336
63,2023-02-24 11:03:48.293250,-679078,6.862879436681862,-673277.0549363057,-845.264020330651,-814.6693196845616,-8.235046171754334
64,2023-02-24 11:03:48.467932,-679099,6.862879436681862,-673277.0549363057,-848.3239604321419,-822.2040109022114,-7.534691217649765
65,2023-02-24 11:03:48.668102,-679136,6.862879436681862,-673277.0549363057,-853.715283468102,-828.6294150784603,-6.42540417624889
66,2023-02-24 11:03:48.910704,-679172,6.862879436681862,-673277.0549363057,-858.9608950706578,-833.856225205738,-5.2268101272777585
67,2023-02-24 11:03:49.093473,-679123,6.862879436681862,-673277.0549363057,-851.8210348338457,-838.819814679124,-4.963589473385923
68,2023-02-24 11:03:49.326844,-679165,6.862879436681862,-673277.0549363057,-857.9409150368275,-842.8950344456257,-4.075219766501732
69,2023-02-24 11:03:49.540867,-679164,6.862879436681862,-673277.0549363057,-857.7952036034231,-846.1758918816329,-3.2808574360071816
70,2023-02-24 11:03:49.683241,-679190,6.862879436681862,-673277.0549363057,-861.5837008719357,-849.2405323519433,-3.064640470310451
71,2023-02-24 11:03:49.884107,-679120,6.862879436681862,-673277.0549363057,-851.3839005336328,-851.9338436855136,-2.69331133357025
72,2023-02-24 11:03:50.073929,-679133,6.862879436681862,-673277.0549363057,-853.2781491678891,-854.2135225629684,-2.279678877454785
73,2023-02-24 11:03:50.276524,-679188,6.862879436681862,-673277.0549363057,-861.2922780051271,-856.253482630629,-2.0399600676606724
74,2023-02-24 11:03:50.494910,-679162,6.862879436681862,-673277.0549363057,-857.5037807366145,-857.9268139303691,-1.6733312997400844
75,2023-02-24 11:03:50.674273,-679200,6.862879436681862,-673277.0549363057,-863.040815205979,-859.0784042911453,-1.1515903607761402
76,2023-02-24 11:03:50.871555,-679216,6.862879436681862,-673277.0549363057,-865.3721981404482,-859.9244706786542,-0.8460663875089267
77,2023-02-24 11:03:51.113396,-679239,6.862879436681862,-673277.0549363057,-868.7235611087477,-860.7141326403292,-0.7896619616750513
78,2023-02-24 11:03:51.338883,-679178,6.862879436681862,-673277.0549363057,-859.8351636710838,-861.4097872256145,-0.6956545852852969
79,2023-02-24 11:03:51.521823,-679243,6.862879436681862,-673277.0549363057,-869.306406842365,-862.1383443926361,-0.7285571670215631
80,2023-02-24 11:03:51.708733,-679202,6.862879436681862,-673277.0549363057,-863.3322380727876,-862.6553849627804,-0.5170405701443315
81,2023-02-24 11:03:51.904096,-679162,6.862879436681862,-673277.0549363057,-857.5037807366145,-863.1724255329248,-0.5170405701443315
82,2023-02-24 11:03:52.083791,-679224,6.862879436681862,-673277.0549363057,-866.5378896076828,-863.4215450803581,-0.24911954743333808
83,2023-02-24 11:03:52.324380,-679186,6.862879436681862,-673277.0549363057,-861.0008551383183,-864.0654956086289,-0.6439505282708069
84,2023-02-24 11:03:52.479074,-679181,6.862879436681862,-673277.0549363057,-860.2722979712968,-864.5214313841196,-0.4559357754907296
85,2023-02-24 11:03:52.676621,-679244,6.862879436681862,-673277.0549363057,-869.4521182757694,-864.7470490874555,-0.22561770333584263
86,2023-02-24 11:03:52.874666,-679238,6.862879436681862,-673277.0549363057,-868.5778496753435,-864.9632660531523,-0.21621696569684445
87,2023-02-24 11:03:53.105101,-679237,6.862879436681862,-673277.0549363057,-868.4321382419391,-865.4192018286433,-0.455935775490957
88,2023-02-24 11:03:53.295290,-679200,6.862879436681862,-673277.0549363057,-863.040815205979,-866.0349501439971,-0.6157483153538124
89,2023-02-24 11:03:53.506797,-679232,6.862879436681862,-673277.0549363057,-867.7035810749175,-866.3122719043473,-0.27732176035021894
90,2023-02-24 11:03:53.691600,-679230,6.862879436681862,-673277.0549363057,-867.4121582081088,-866.6789006722677,-0.3666287679203606
91,2023-02-24 11:03:53.903906,-679223,6.862879436681862,-673277.0549363057,-866.3921781742786,-866.918619482062,-0.2397188097943399
92,2023-02-24 11:03:54.088042,-679243,6.862879436681862,-673277.0549363057,-869.306406842365,-866.8575146874086,0.06110479465337448
93,2023-02-24 11:03:54.303629,-679245,6.862879436681862,-673277.0549363057,-869.5978297091738,-866.8340128433109,0.023501844097722824
94,2023-02-24 11:03:54.489317,-679233,6.862879436681862,-673277.0549363057,-867.8492925083218,-867.4967648468598,-0.662752003548917
95,2023-02-24 11:03:54.686391,-679209,6.862879436681862,-673277.0549363057,-864.3522181066179,-867.449761158665,0.04700368819487721
96,2023-02-24 11:03:54.899076,-679246,6.862879436681862,-673277.0549363057,-869.7435411425781,-867.6800792308202,-0.23031807215522804
97,2023-02-24 11:03:55.110544,-679225,6.862879436681862,-673277.0549363057,-866.6836010410872,-868.079610580477,-0.3995313496568542
98,2023-02-24 11:03:55.280966,-679260,6.862879436681862,-673277.0549363057,-871.7835012102387,-868.1125131622135,-0.03290258173649363
99,2023-02-24 11:03:55.495392,-679262,6.862879436681862,-673277.0549363057,-872.0749240770473,-868.2347227515204,-0.12220958930686265
100,2023-02-24 11:03:55.692871,-679212,6.862879436681862,-673277.0549363057,-864.789352406831,-868.4885426677731,-0.2538199162527235
101,2023-02-24 11:03:55.894859,-679236,6.862879436681862,-673277.0549363057,-868.2864268085348,-868.5470622595758,-0.058519591802678406
102,2023-02-24 11:03:56.091589,-679217,6.862879436681862,-673277.0549363057,-865.5179095738525,-868.6055818513786,-0.05851959180279209
103,2023-02-24 11:03:56.328386,-679264,6.862879436681862,-673277.0549363057,-872.366346943856,-868.6641014431813,-0.058519591802678406
104,2023-02-24 11:03:56.511264,-679247,6.862879436681862,-673277.0549363057,-869.8892525759824,-868.722621034984,-0.058519591802678406
105,2023-02-24 11:03:56.683313,-679240,6.862879436681862,-673277.0549363057,-868.8692725421521,-868.7811406267866,-0.058519591802678406
106,2023-02-24 11:03:56.891711,-679251,6.862879436681862,-673277.0549363057,-870.4720983095997,-868.8396602185893,-0.058519591802678406
107,2023-02-24 11:03:57.083483,-679203,6.862879436681862,-673277.0549363057,-863.477949506192,-868.898179810392,-0.058519591802678406
108,2023-02-24 11:03:57.303563,-679234,6.862879436681862,-673277.0549363057,-867.9950039417262,-868.9566994021948,-0.05851959180279209
109,2023-02-24 11:03:57.500259,-679319,6.862879436681862,-673277.0549363057,-880.380475781094,-869.0152189939975,-0.058519591802678406
110,2023-02-24 11:03:57.683458,-679233,6.862879436681862,-673277.0549363057,-867.8492925083218,-869.0737385858001,-0.058519591802678406
111,2023-02-24 11:03:57.893818,-679251,6.862879436681862,-673277.0549363057,-870.4720983095997,-869.1322581776028,-0.058519591802678406
112,2023-02-24 11:03:58.084236,-679247,6.862879436681862,-673277.0549363057,-869.8892525759824,-869.1907777694055,-0.058519591802678406
113,2023-02-24 11:03:58.295426,-679231,6.862879436681862,-673277.0549363057,-867.5578696415132,-869.2492973612082,-0.058519591802678406
114,2023-02-24 11:03:58.494525,-679212,6.862879436681862,-673277.0549363057,-864.789352406831,-869.307816953011,-0.05851959180279209
115,2023-02-24 11:03:58.703181,-679235,6.862879436681862,-673277.0549363057,-868.1407153751304,-869.3663365448136,-0.058519591802678406
116,2023-02-24 11:03:58.885683,-679185,6.862879436681862,-673277.0549363057,-860.8551437049141,,
117,2023-02-24 11:03:59.086142,-679236,6.862879436681862,-673277.0549363057,-868.2864268085348,,
118,2023-02-24 11:03:59.286137,-679184,6.862879436681862,-673277.0549363057,-860.7094322715097,,
119,2023-02-24 11:03:59.486453,-679188,6.862879436681862,-673277.0549363057,-861.2922780051271,,
120,2023-02-24 11:03:59.687294,-679162,6.862879436681862,-673277.0549363057,-857.5037807366145,,
121,2023-02-24 11:03:59.887065,-679232,6.862879436681862,-673277.0549363057,-867.7035810749175,,
122,2023-02-24 11:04:00.087803,-679194,6.862879436681862,-673277.0549363057,-862.166546605553,,
123,2023-02-24 11:04:00.288085,-679196,6.862879436681862,-673277.0549363057,-862.4579694723617,,
124,2023-02-24 11:04:00.488949,-679186,6.862879436681862,-673277.0549363057,-861.0008551383183,,
125,2023-02-24 11:04:00.688939,-679225,6.862879436681862,-673277.0549363057,-866.6836010410872,,
126,2023-02-24 11:04:00.889139,-679254,6.862879436681862,-673277.0549363057,-870.9092326098126,,
127,2023-02-24 11:04:01.089346,-679232,6.862879436681862,-673277.0549363057,-867.7035810749175,,
128,2023-02-24 11:04:01.290002,-679209,6.862879436681862,-673277.0549363057,-864.3522181066179,,
129,2023-02-24 11:04:01.490422,-679214,6.862879436681862,-673277.0549363057,-865.0807752736396,,
130,2023-02-24 11:04:01.690748,-679203,6.862879436681862,-673277.0549363057,-863.477949506192,,
131,2023-02-24 11:04:01.891313,-679185,6.862879436681862,-673277.0549363057,-860.8551437049141,,
132,2023-02-24 11:04:02.091820,-679195,6.862879436681862,-673277.0549363057,-862.3122580389573,,
133,2023-02-24 11:04:02.292267,-679181,6.862879436681862,-673277.0549363057,-860.2722979712968,,
134,2023-02-24 11:04:02.492726,-679229,6.862879436681862,-673277.0549363057,-867.2664467747045,,
135,2023-02-24 11:04:02.693050,-679213,6.862879436681862,-673277.0549363057,-864.9350638402352,,
136,2023-02-24 11:04:02.893208,-679213,6.862879436681862,-673277.0549363057,-864.9350638402352,,
137,2023-02-24 11:04:03.092925,-679159,6.862879436681862,-673277.0549363057,-857.0666464364016,,
138,2023-02-24 11:04:03.293426,-679240,6.862879436681862,-673277.0549363057,-868.8692725421521,,
139,2023-02-24 11:04:03.494426,-679216,6.862879436681862,-673277.0549363057,-865.3721981404482,,
140,2023-02-24 11:04:03.694896,-679227,6.862879436681862,-673277.0549363057,-866.9750239078959,,
141,2023-02-24 11:04:03.895372,-679189,6.862879436681862,-673277.0549363057,-861.4379894385314,,
142,2023-02-24 11:04:04.095987,-679184,6.862879436681862,-673277.0549363057,-860.7094322715097,,
143,2023-02-24 11:04:04.296099,-679144,6.862879436681862,-673277.0549363057,-854.8809749353367,,
144,2023-02-24 11:04:04.496076,-679201,6.862879436681862,-673277.0549363057,-863.1865266393833,,
145,2023-02-24 11:04:04.695851,-679221,6.862879436681862,-673277.0549363057,-866.1007553074699,,
146,2023-02-24 11:04:04.896558,-679158,6.862879436681862,-673277.0549363057,-856.9209350029972,,
147,2023-02-24 11:04:05.096696,-679231,6.862879436681862,-673277.0549363057,-867.5578696415132,,
148,2023-02-24 11:04:05.297589,-679280,6.862879436681862,-673277.0549363057,-874.6977298783252,,
149,2023-02-24 11:04:05.497989,-679204,6.862879436681862,-673277.0549363057,-863.6236609395963,,
150,2023-02-24 11:04:05.698510,-679166,6.862879436681862,-673277.0549363057,-858.0866264702319,,
151,2023-02-24 11:04:05.898432,-679208,6.862879436681862,-673277.0549363057,-864.2065066732137,,
152,2023-02-24 11:04:06.099123,-679209,6.862879436681862,-673277.0549363057,-864.3522181066179,,
153,2023-02-24 11:04:06.299601,-679195,6.862879436681862,-673277.0549363057,-862.3122580389573,,
154,2023-02-24 11:04:06.500347,-679173,6.862879436681862,-673277.0549363057,-859.1066065040621,,
155,2023-02-24 11:04:06.700310,-679228,6.862879436681862,-673277.0549363057,-867.1207353413001,,
156,2023-02-24 11:04:06.900845,-679225,6.862879436681862,-673277.0549363057,-866.6836010410872,,
157,2023-02-24 11:04:07.100766,-679185,6.862879436681862,-673277.0549363057,-860.8551437049141,,
158,2023-02-24 11:04:07.300700,-679193,6.862879436681862,-673277.0549363057,-862.0208351721487,,
159,2023-02-24 11:04:07.501442,-679207,6.862879436681862,-673277.0549363057,-864.0607952398093,,
160,2023-02-24 11:04:07.701892,-679208,6.862879436681862,-673277.0549363057,-864.2065066732137,,
161,2023-02-24 11:04:07.902025,-679284,6.862879436681862,-673277.0549363057,-875.2805756119425,,
162,2023-02-24 11:04:08.102618,-679216,6.862879436681862,-673277.0549363057,-865.3721981404482,,
163,2023-02-24 11:04:08.302959,-679241,6.862879436681862,-673277.0549363057,-869.0149839755564,,
164,2023-02-24 11:04:08.503685,-679272,6.862879436681862,-673277.0549363057,-873.5320384110906,,
165,2023-02-24 11:04:08.703635,-679221,6.862879436681862,-673277.0549363057,-866.1007553074699,,
166,2023-02-24 11:04:08.904389,-679231,6.862879436681862,-673277.0549363057,-867.5578696415132,,
167,2023-02-24 11:04:09.104222,-679225,6.862879436681862,-673277.0549363057,-866.6836010410872,,
168,2023-02-24 11:04:09.304797,-679247,6.862879436681862,-673277.0549363057,-869.8892525759824,,
169,2023-02-24 11:04:09.505519,-679198,6.862879436681862,-673277.0549363057,-862.7493923391703,,
170,2023-02-24 11:04:09.705987,-679187,6.862879436681862,-673277.0549363057,-861.1465665717227,,
171,2023-02-24 11:04:09.905931,-679202,6.862879436681862,-673277.0549363057,-863.3322380727876,,
172,2023-02-24 11:04:10.106034,-679225,6.862879436681862,-673277.0549363057,-866.6836010410872,,
173,2023-02-24 11:04:10.306645,-679203,6.862879436681862,-673277.0549363057,-863.477949506192,,
174,2023-02-24 11:04:10.507247,-679209,6.862879436681862,-673277.0549363057,-864.3522181066179,,
175,2023-02-24 11:04:10.707966,-679172,6.862879436681862,-673277.0549363057,-858.9608950706578,,
176,2023-02-24 11:04:10.908343,-679209,6.862879436681862,-673277.0549363057,-864.3522181066179,,
177,2023-02-24 11:04:11.108363,-679174,6.862879436681862,-673277.0549363057,-859.2523179374665,,
178,2023-02-24 11:04:11.308955,-679191,6.862879436681862,-673277.0549363057,-861.72941230534,,
179,2023-02-24 11:04:11.508871,-679300,6.862879436681862,-673277.0549363057,-877.6119585464118,,
180,2023-02-24 11:04:11.709451,-679263,6.862879436681862,-673277.0549363057,-872.2206355104516,,
181,2023-02-24 11:04:11.910140,-679243,6.862879436681862,-673277.0549363057,-869.306406842365,,
182,2023-02-24 11:04:12.110405,-679196,6.862879436681862,-673277.0549363057,-862.4579694723617,,
183,2023-02-24 11:04:12.309890,-679248,6.862879436681862,-673277.0549363057,-870.0349640093867,,
184,2023-02-24 11:04:12.509837,-679223,6.862879436681862,-673277.0549363057,-866.3921781742786,,
185,2023-02-24 11:04:12.710858,-679264,6.862879436681862,-673277.0549363057,-872.366346943856,,
186,2023-02-24 11:04:12.909896,-679208,6.862879436681862,-673277.0549363057,-864.2065066732137,,
187,2023-02-24 11:04:13.111745,-679258,6.862879436681862,-673277.0549363057,-871.49207834343,,
188,2023-02-24 11:04:13.309777,-679212,6.862879436681862,-673277.0549363057,-864.789352406831,,
189,2023-02-24 11:04:13.512964,-679219,6.862879436681862,-673277.0549363057,-865.8093324406613,,
190,2023-02-24 11:04:13.713057,-679160,6.862879436681862,-673277.0549363057,-857.2123578698058,,
191,2023-02-24 11:04:13.909862,-679180,6.862879436681862,-673277.0549363057,-860.1265865378924,,
192,2023-02-24 11:04:14.109880,-679222,6.862879436681862,-673277.0549363057,-866.2464667408742,,
193,2023-02-24 11:04:14.309835,-679282,6.862879436681862,-673277.0549363057,-874.9891527451339,,
194,2023-02-24 11:04:14.509791,-679267,6.862879436681862,-673277.0549363057,-872.803481244069,,
195,2023-02-24 11:04:14.714748,-679225,6.862879436681862,-673277.0549363057,-866.6836010410872,,
196,2023-02-24 11:04:14.908367,-679222,6.862879436681862,-673277.0549363057,-866.2464667408742,,
197,2023-02-24 11:04:15.115892,-679173,6.862879436681862,-673277.0549363057,-859.1066065040621,,
198,2023-02-24 11:04:15.305734,-679161,6.862879436681862,-673277.0549363057,-857.3580693032102,,
199,2023-02-24 11:04:15.509740,-679157,6.862879436681862,-673277.0549363057,-856.7752235695929,,
200,2023-02-24 11:04:15.717053,-679127,6.862879436681862,-673277.0549363057,-852.403880567463,,
201,2023-02-24 11:04:15.909750,-679128,6.862879436681862,-673277.0549363057,-852.5495920008674,,
202,2023-02-24 11:04:16.109831,-679138,6.862879436681862,-673277.0549363057,-854.0067063349106,,
203,2023-02-24 11:04:16.509775,-679109,6.862879436681862,-673277.0549363057,-849.7810747661852,,
204,2023-02-24 11:04:16.718105,-679121,6.862879436681862,-673277.0549363057,-851.5296119670371,,
205,2023-02-24 11:04:16.910485,-679108,6.862879436681862,-673277.0549363057,-849.6353633327808,,
206,2023-02-24 11:04:17.109750,-679051,6.862879436681862,-673277.0549363057,-841.3298116287341,,
207,2023-02-24 11:04:17.309696,-679048,6.862879436681862,-673277.0549363057,-840.8926773285211,,
208,2023-02-24 11:04:17.509661,-679029,6.862879436681862,-673277.0549363057,-838.1241600938389,,
209,2023-02-24 11:04:17.720449,-679000,6.862879436681862,-673277.0549363057,-833.8985285251134,,
210,2023-02-24 11:04:17.907732,-679023,6.862879436681862,-673277.0549363057,-837.249891493413,,
211,2023-02-24 11:04:18.109671,-678990,6.862879436681862,-673277.0549363057,-832.4414141910702,,
212,2023-02-24 11:04:18.320907,-678954,6.862879436681862,-673277.0549363057,-827.1958025885143,,
213,2023-02-24 11:04:18.509664,-678927,6.862879436681862,-673277.0549363057,-823.2615938865974,,
214,2023-02-24 11:04:18.721754,-678917,6.862879436681862,-673277.0549363057,-821.8044795525542,,
215,2023-02-24 11:04:18.909748,-678985,6.862879436681862,-673277.0549363057,-831.7128570240485,,
216,2023-02-24 11:04:19.109703,-678983,6.862879436681862,-673277.0549363057,-831.4214341572399,,
217,2023-02-24 11:04:19.309620,-678938,6.862879436681862,-673277.0549363057,-824.8644196540452,,
218,2023-02-24 11:04:19.509635,-678897,6.862879436681862,-673277.0549363057,-818.8902508844676,,
219,2023-02-24 11:04:19.723790,-678869,6.862879436681862,-673277.0549363057,-814.8103307491465,,
220,2023-02-24 11:04:19.909685,-678854,6.862879436681862,-673277.0549363057,-812.6246592480816,,
221,2023-02-24 11:04:20.109579,-678839,6.862879436681862,-673277.0549363057,-810.4389877470167,,
222,2023-02-24 11:04:20.311056,-678855,6.862879436681862,-673277.0549363057,-812.7703706814859,,
223,2023-02-24 11:04:20.525670,-678878,6.862879436681862,-673277.0549363057,-816.1217336497855,,
224,2023-02-24 11:04:20.725450,-678823,6.862879436681862,-673277.0549363057,-808.1076048125474,,
225,2023-02-24 11:04:20.926336,-678834,6.862879436681862,-673277.0549363057,-809.710430579995,,
226,2023-02-24 11:04:21.126238,-678829,6.862879436681862,-673277.0549363057,-808.9818734129734,,
227,2023-02-24 11:04:21.326245,-678819,6.862879436681862,-673277.0549363057,-807.5247590789301,,
228,2023-02-24 11:04:21.527255,-678787,6.862879436681862,-673277.0549363057,-802.8619932099916,,
229,2023-02-24 11:04:21.727131,-678793,6.862879436681862,-673277.0549363057,-803.7362618104175,,
230,2023-02-24 11:04:21.928740,-678773,6.862879436681862,-673277.0549363057,-800.822033142331,,
231,2023-02-24 11:04:22.128240,-678772,6.862879436681862,-673277.0549363057,-800.6763217089267,,
232,2023-02-24 11:04:22.329095,-678737,6.862879436681862,-673277.0549363057,-795.5764215397752,,
233,2023-02-24 11:04:22.529415,-678741,6.862879436681862,-673277.0549363057,-796.1592672733925,,
234,2023-02-24 11:04:22.729583,-678738,6.862879436681862,-673277.0549363057,-795.7221329731796,,
235,2023-02-24 11:04:22.930127,-678736,6.862879436681862,-673277.0549363057,-795.4307101063708,,
236,2023-02-24 11:04:23.130179,-678657,6.862879436681862,-673277.0549363057,-783.9195068674289,,
237,2023-02-24 11:04:23.330930,-678638,6.862879436681862,-673277.0549363057,-781.1509896327467,,
238,2023-02-24 11:04:23.529538,-678649,6.862879436681862,-673277.0549363057,-782.7538154001943,,
239,2023-02-24 11:04:23.731576,-678698,6.862879436681862,-673277.0549363057,-789.8936756370064,,
240,2023-02-24 11:04:23.931313,-678709,6.862879436681862,-673277.0549363057,-791.4965014044541,,
241,2023-02-24 11:04:24.131928,-678656,6.862879436681862,-673277.0549363057,-783.7737954340247,,
242,2023-02-24 11:04:24.332247,-678668,6.862879436681862,-673277.0549363057,-785.5223326348765,,
243,2023-02-24 11:04:24.533260,-678626,6.862879436681862,-673277.0549363057,-779.4024524318949,,
244,2023-02-24 11:04:24.732973,-678612,6.862879436681862,-673277.0549363057,-777.3624923642342,,
245,2023-02-24 11:04:24.933710,-678598,6.862879436681862,-673277.0549363057,-775.3225322965736,,
246,2023-02-24 11:04:25.134342,-678514,6.862879436681862,-673277.0549363057,-763.08277189061,,
247,2023-02-24 11:04:25.334310,-678560,6.862879436681862,-673277.0549363057,-769.7854978272092,,
248,2023-02-24 11:04:25.534957,-678530,6.862879436681862,-673277.0549363057,-765.4141548250793,,
249,2023-02-24 11:04:25.735321,-678550,6.862879436681862,-673277.0549363057,-768.3283834931659,,
250,2023-02-24 11:04:25.935536,-678500,6.862879436681862,-673277.0549363057,-761.0428118229495,,
251,2023-02-24 11:04:26.125357,-678512,6.862879436681862,-673277.0549363057,-762.7913490238014,,
252,2023-02-24 11:04:26.336008,-678526,6.862879436681862,-673277.0549363057,-764.831309091462,,
253,2023-02-24 11:04:26.525304,-678552,6.862879436681862,-673277.0549363057,-768.6198063599745,,
254,2023-02-24 11:04:26.737268,-678502,6.862879436681862,-673277.0549363057,-761.3342346897582,,
255,2023-02-24 11:04:26.937664,-678488,6.862879436681862,-673277.0549363057,-759.2942746220975,,
256,2023-02-24 11:04:27.137812,-678498,6.862879436681862,-673277.0549363057,-760.7513889561409,,
257,2023-02-24 11:04:27.337820,-678464,6.862879436681862,-673277.0549363057,-755.7972002203937,,
258,2023-02-24 11:04:27.538269,-678476,6.862879436681862,-673277.0549363057,-757.5457374212457,,
259,2023-02-24 11:04:27.739259,-678435,6.862879436681862,-673277.0549363057,-751.5715686516681,,
260,2023-02-24 11:04:27.938847,-678434,6.862879436681862,-673277.0549363057,-751.4258572182639,,
261,2023-02-24 11:04:28.140085,-678371,6.862879436681862,-673277.0549363057,-742.2460369137913,,
262,2023-02-24 11:04:28.339956,-678363,6.862879436681862,-673277.0549363057,-741.0803454465566,,
263,2023-02-24 11:04:28.540417,-678382,6.862879436681862,-673277.0549363057,-743.8488626812389,,
264,2023-02-24 11:04:28.741019,-678360,6.862879436681862,-673277.0549363057,-740.6432111463436,,
265,2023-02-24 11:04:28.941154,-678401,6.862879436681862,-673277.0549363057,-746.6173799159211,,
266,2023-02-24 11:04:29.141874,-678370,6.862879436681862,-673277.0549363057,-742.1003254803869,,
267,2023-02-24 11:04:29.341846,-678370,6.862879436681862,-673277.0549363057,-742.1003254803869,,
268,2023-02-24 11:04:29.541302,-678308,6.862879436681862,-673277.0549363057,-733.0662166093185,,
269,2023-02-24 11:04:29.742327,-678329,6.862879436681862,-673277.0549363057,-736.1261567108095,,
270,2023-02-24 11:04:29.943320,-678271,6.862879436681862,-673277.0549363057,-727.6748935733584,,
271,2023-02-24 11:04:30.143523,-678268,6.862879436681862,-673277.0549363057,-727.2377592731455,,
272,2023-02-24 11:04:30.343687,-678292,6.862879436681862,-673277.0549363057,-730.7348336748494,,
273,2023-02-24 11:04:30.544033,-678290,6.862879436681862,-673277.0549363057,-730.4434108080407,,
274,2023-02-24 11:04:30.745007,-678245,6.862879436681862,-673277.0549363057,-723.8863963048459,,
275,2023-02-24 11:04:30.944396,-678238,6.862879436681862,-673277.0549363057,-722.8664162710156,,
276,2023-02-24 11:04:31.145300,-678221,6.862879436681862,-673277.0549363057,-720.389321903142,,
277,2023-02-24 11:04:31.346176,-678226,6.862879436681862,-673277.0549363057,-721.1178790701637,,
278,2023-02-24 11:04:31.545511,-678195,6.862879436681862,-673277.0549363057,-716.6008246346295,,
279,2023-02-24 11:04:31.746536,-678194,6.862879436681862,-673277.0549363057,-716.4551132012252,,
280,2023-02-24 11:04:31.946509,-678237,6.862879436681862,-673277.0549363057,-722.7207048376113,,
281,2023-02-24 11:04:32.140955,-678208,6.862879436681862,-673277.0549363057,-718.4950732688858,,
282,2023-02-24 11:04:32.347767,-678151,6.862879436681862,-673277.0549363057,-710.1895215648391,,
283,2023-02-24 11:04:32.541181,-678138,6.862879436681862,-673277.0549363057,-708.2952729305829,,
284,2023-02-24 11:04:32.748206,-678134,6.862879436681862,-673277.0549363057,-707.7124271969656,,
285,2023-02-24 11:04:32.949294,-678129,6.862879436681862,-673277.0549363057,-706.9838700299439,,
286,2023-02-24 11:04:33.149113,-678073,6.862879436681862,-673277.0549363057,-698.8240297593015,,
287,2023-02-24 11:04:33.349478,-678107,6.862879436681862,-673277.0549363057,-703.7782184950487,,
288,2023-02-24 11:04:33.549678,-678126,6.862879436681862,-673277.0549363057,-706.5467357297309,,
289,2023-02-24 11:04:33.750029,-678075,6.862879436681862,-673277.0549363057,-699.1154526261101,,
290,2023-02-24 11:04:33.950174,-678043,6.862879436681862,-673277.0549363057,-694.4526867571717,,
291,2023-02-24 11:04:34.151013,-678116,6.862879436681862,-673277.0549363057,-705.0896213956876,,
292,2023-02-24 11:04:34.351534,-678072,6.862879436681862,-673277.0549363057,-698.6783183258972,,
293,2023-02-24 11:04:34.551456,-678057,6.862879436681862,-673277.0549363057,-696.4926468248323,,
294,2023-02-24 11:04:34.751925,-678017,6.862879436681862,-673277.0549363057,-690.6641894886592,,
295,2023-02-24 11:04:34.952223,-677985,6.862879436681862,-673277.0549363057,-686.0014236197206,,
296,2023-02-24 11:04:35.140941,-677995,6.862879436681862,-673277.0549363057,-687.458537953764,,
297,2023-02-24 11:04:35.353060,-677976,6.862879436681862,-673277.0549363057,-684.6900207190818,,
298,2023-02-24 11:04:35.545035,-677878,6.862879436681862,-673277.0549363057,-670.4103002454576,,
299,2023-02-24 11:04:35.754023,-678041,6.862879436681862,-673277.0549363057,-694.161263890363,,
300,2023-02-24 11:04:35.954224,-677984,6.862879436681862,-673277.0549363057,-685.8557121863164,,
301,2023-02-24 11:04:36.154655,-677893,6.862879436681862,-673277.0549363057,-672.5959717465225,,
302,2023-02-24 11:04:36.354881,-677889,6.862879436681862,-673277.0549363057,-672.0131260129052,,
303,2023-02-24 11:04:36.555460,-677896,6.862879436681862,-673277.0549363057,-673.0331060467355,,
304,2023-02-24 11:04:36.756304,-677884,6.862879436681862,-673277.0549363057,-671.2845688458835,,
305,2023-02-24 11:04:36.955942,-677870,6.862879436681862,-673277.0549363057,-669.244608778223,,
306,2023-02-24 11:04:37.157136,-677848,6.862879436681862,-673277.0549363057,-666.0389572433278,,
307,2023-02-24 11:04:37.356898,-677860,6.862879436681862,-673277.0549363057,-667.7874944441797,,
308,2023-02-24 11:04:37.557469,-677818,6.862879436681862,-673277.0549363057,-661.667614241198,,
309,2023-02-24 11:04:37.757834,-677785,6.862879436681862,-673277.0549363057,-656.8591369388552,,
310,2023-02-24 11:04:37.958511,-677830,6.862879436681862,-673277.0549363057,-663.4161514420499,,
311,2023-02-24 11:04:38.144782,-677804,6.862879436681862,-673277.0549363057,-659.6276541735373,,
312,2023-02-24 11:04:38.358955,-677799,6.862879436681862,-673277.0549363057,-658.8990970065157,,
313,2023-02-24 11:04:38.544981,-677761,6.862879436681862,-673277.0549363057,-653.3620625371512,,
314,2023-02-24 11:04:38.759155,-677784,6.862879436681862,-673277.0549363057,-656.7134255054508,,
315,2023-02-24 11:04:38.959667,-677809,6.862879436681862,-673277.0549363057,-660.356211340559,,
316,2023-02-24 11:04:39.159077,-677770,6.862879436681862,-673277.0549363057,-654.6734654377902,,
317,2023-02-24 11:04:39.359123,-677703,6.862879436681862,-673277.0549363057,-644.9107993997002,,
318,2023-02-24 11:04:39.559165,-677662,6.862879436681862,-673277.0549363057,-638.9366306301227,,
319,2023-02-24 11:04:39.759071,-677651,6.862879436681862,-673277.0549363057,-637.3338048626752,,
320,2023-02-24 11:04:39.959022,-677640,6.862879436681862,-673277.0549363057,-635.7309790952276,,
321,2023-02-24 11:04:40.159652,-677695,6.862879436681862,-673277.0549363057,-643.7451079324657,,
322,2023-02-24 11:04:40.359086,-677588,6.862879436681862,-673277.0549363057,-628.1539845582025,,
323,2023-02-24 11:04:40.562725,-677656,6.862879436681862,-673277.0549363057,-638.0623620296968,,
324,2023-02-24 11:04:40.759036,-677651,6.862879436681862,-673277.0549363057,-637.3338048626752,,
325,2023-02-24 11:04:40.959148,-677631,6.862879436681862,-673277.0549363057,-634.4195761945887,,
326,2023-02-24 11:04:41.150009,-677630,6.862879436681862,-673277.0549363057,-634.2738647611843,,
327,2023-02-24 11:04:41.360015,-677660,6.862879436681862,-673277.0549363057,-638.6452077633141,,
328,2023-02-24 11:04:41.550489,-677671,6.862879436681862,-673277.0549363057,-640.2480335307617,,
329,2023-02-24 11:04:41.759048,-677634,6.862879436681862,-673277.0549363057,-634.8567104948016,,
330,2023-02-24 11:04:41.959033,-677604,6.862879436681862,-673277.0549363057,-630.4853674926718,,
331,2023-02-24 11:04:42.165908,-677627,6.862879436681862,-673277.0549363057,-633.8367304609714,,
332,2023-02-24 11:04:42.359063,-677487,6.862879436681862,-673277.0549363057,-613.4371297843654,,
333,2023-02-24 11:04:42.559610,-677508,6.862879436681862,-673277.0549363057,-616.4970698858563,,
334,2023-02-24 11:04:42.759305,-677437,6.862879436681862,-673277.0549363057,-606.151558114149,,
335,2023-02-24 11:04:42.958983,-677472,6.862879436681862,-673277.0549363057,-611.2514582833005,,
336,2023-02-24 11:04:43.160941,-677423,6.862879436681862,-673277.0549363057,-604.1115980464884,,
337,2023-02-24 11:04:43.358922,-677454,6.862879436681862,-673277.0549363057,-608.6286524820226,,
338,2023-02-24 11:04:43.558051,-677416,6.862879436681862,-673277.0549363057,-603.0916180126582,,
339,2023-02-24 11:04:43.758915,-677444,6.862879436681862,-673277.0549363057,-607.1715381479793,,
340,2023-02-24 11:04:43.959021,-677470,6.862879436681862,-673277.0549363057,-610.9600354164918,,
341,2023-02-24 11:04:44.156514,-677481,6.862879436681862,-673277.0549363057,-612.5628611839394,,
342,2023-02-24 11:04:44.358937,-677448,6.862879436681862,-673277.0549363057,-607.7543838815966,,
343,2023-02-24 11:04:44.558181,-677368,6.862879436681862,-673277.0549363057,-596.0974692092504,,
344,2023-02-24 11:04:44.759581,-677379,6.862879436681862,-673277.0549363057,-597.700294976698,,
345,2023-02-24 11:04:44.959165,-677383,6.862879436681862,-673277.0549363057,-598.2831407103154,,
346,2023-02-24 11:04:45.159005,-677357,6.862879436681862,-673277.0549363057,-594.4946434418029,,
347,2023-02-24 11:04:45.358914,-677304,6.862879436681862,-673277.0549363057,-586.7719374713735,,
348,2023-02-24 11:04:45.558827,-677340,6.862879436681862,-673277.0549363057,-592.0175490739292,,
349,2023-02-24 11:04:45.758988,-677382,6.862879436681862,-673277.0549363057,-598.137429276911,,
350,2023-02-24 11:04:45.958829,-677335,6.862879436681862,-673277.0549363057,-591.2889919069075,,
351,2023-02-24 11:04:46.158875,-677317,6.862879436681862,-673277.0549363057,-588.6661861056297,,
352,2023-02-24 11:04:46.373151,-677307,6.862879436681862,-673277.0549363057,-587.2090717715864,,
353,2023-02-24 11:04:46.561064,-677311,6.862879436681862,-673277.0549363057,-587.7919175052037,,
354,2023-02-24 11:04:46.774738,-677329,6.862879436681862,-673277.0549363057,-590.4147233064816,,
355,2023-02-24 11:04:46.976117,-677295,6.862879436681862,-673277.0549363057,-585.4605345707345,,
356,2023-02-24 11:04:47.175559,-677252,6.862879436681862,-673277.0549363057,-579.1949429343483,,
357,2023-02-24 11:04:47.375592,-677270,6.862879436681862,-673277.0549363057,-581.8177487356263,,
358,2023-02-24 11:04:47.575574,-677258,6.862879436681862,-673277.0549363057,-580.0692115347744,,
359,2023-02-24 11:04:47.776122,-677196,6.862879436681862,-673277.0549363057,-571.035102663706,,
360,2023-02-24 11:04:47.976403,-677159,6.862879436681862,-673277.0549363057,-565.6437796277459,,
361,2023-02-24 11:04:48.176821,-677187,6.862879436681862,-673277.0549363057,-569.7236997630671,,
362,2023-02-24 11:04:48.377483,-677219,6.862879436681862,-673277.0549363057,-574.3864656320055,,
363,2023-02-24 11:04:48.578094,-677165,6.862879436681862,-673277.0549363057,-566.5180482281719,,
364,2023-02-24 11:04:48.778289,-677179,6.862879436681862,-673277.0549363057,-568.5580082958325,,
365,2023-02-24 11:04:48.978554,-677156,6.862879436681862,-673277.0549363057,-565.2066453275329,,
366,2023-02-24 11:04:49.179191,-677159,6.862879436681862,-673277.0549363057,-565.6437796277459,,
367,2023-02-24 11:04:49.374729,-677170,6.862879436681862,-673277.0549363057,-567.2466053951935,,
368,2023-02-24 11:04:49.579474,-677104,6.862879436681862,-673277.0549363057,-557.6296507905079,,
369,2023-02-24 11:04:49.774522,-677111,6.862879436681862,-673277.0549363057,-558.6496308243381,,
370,2023-02-24 11:04:49.980163,-677086,6.862879436681862,-673277.0549363057,-555.00684498923,,
371,2023-02-24 11:04:50.180811,-677071,6.862879436681862,-673277.0549363057,-552.8211734881651,,
372,2023-02-24 11:04:50.381656,-677026,6.862879436681862,-673277.0549363057,-546.2641589849703,,
373,2023-02-24 11:04:50.581783,-677013,6.862879436681862,-673277.0549363057,-544.369910350714,,
374,2023-02-24 11:04:50.781428,-677017,6.862879436681862,-673277.0549363057,-544.9527560843313,,
375,2023-02-24 11:04:50.982540,-676993,6.862879436681862,-673277.0549363057,-541.4556816826274,,
376,2023-02-24 11:04:51.182614,-677007,6.862879436681862,-673277.0549363057,-543.4956417502881,,
377,2023-02-24 11:04:51.382955,-676992,6.862879436681862,-673277.0549363057,-541.3099702492232,,
378,2023-02-24 11:04:51.583404,-676969,6.862879436681862,-673277.0549363057,-537.9586072809236,,
379,2023-02-24 11:04:51.783993,-676961,6.862879436681862,-673277.0549363057,-536.792915813689,,
380,2023-02-24 11:04:51.984531,-676917,6.862879436681862,-673277.0549363057,-530.3816127438986,,
381,2023-02-24 11:04:52.184634,-676962,6.862879436681862,-673277.0549363057,-536.9386272470933,,
382,2023-02-24 11:04:52.379133,-676873,6.862879436681862,-673277.0549363057,-523.9703096741081,,
383,2023-02-24 11:04:52.585080,-676906,6.862879436681862,-673277.0549363057,-528.778786976451,,
384,2023-02-24 11:04:52.775345,-676935,6.862879436681862,-673277.0549363057,-533.0044185451765,,
385,2023-02-24 11:04:52.986329,-676902,6.862879436681862,-673277.0549363057,-528.1959412428337,,
386,2023-02-24 11:04:53.186060,-676872,6.862879436681862,-673277.0549363057,-523.8245982407038,,
387,2023-02-24 11:04:53.387305,-676858,6.862879436681862,-673277.0549363057,-521.7846381730432,,
388,2023-02-24 11:04:53.587613,-676904,6.862879436681862,-673277.0549363057,-528.4873641096423,,
389,2023-02-24 11:04:53.787777,-676827,6.862879436681862,-673277.0549363057,-517.2675837375091,,
390,2023-02-24 11:04:53.987790,-676879,6.862879436681862,-673277.0549363057,-524.8445782745341,,
391,2023-02-24 11:04:54.188501,-676905,6.862879436681862,-673277.0549363057,-528.6330755430466,,
392,2023-02-24 11:04:54.388502,-676899,6.862879436681862,-673277.0549363057,-527.7588069426206,,
393,2023-02-24 11:04:54.588950,-676840,6.862879436681862,-673277.0549363057,-519.1618323717653,,
394,2023-02-24 11:04:54.789435,-676875,6.862879436681862,-673277.0549363057,-524.2617325409168,,
395,2023-02-24 11:04:54.990140,-676801,6.862879436681862,-673277.0549363057,-513.4790864689966,,
396,2023-02-24 11:04:55.190455,-676838,6.862879436681862,-673277.0549363057,-518.8704095049567,,
397,2023-02-24 11:04:55.391188,-676760,6.862879436681862,-673277.0549363057,-507.5049176994191,,
398,2023-02-24 11:04:55.591091,-676789,6.862879436681862,-673277.0549363057,-511.7305492681446,,
399,2023-02-24 11:04:55.790224,-676706,6.862879436681862,-673277.0549363057,-499.6365002955854,,
400,2023-02-24 11:04:55.992035,-676734,6.862879436681862,-673277.0549363057,-503.71642043090657,,
401,2023-02-24 11:04:56.192292,-676776,6.862879436681862,-673277.0549363057,-509.8363006338883,,
402,2023-02-24 11:04:56.392631,-676728,6.862879436681862,-673277.0549363057,-502.8421518304806,,
403,2023-02-24 11:04:56.592749,-676689,6.862879436681862,-673277.0549363057,-497.1594059277118,,
404,2023-02-24 11:04:56.793090,-676728,6.862879436681862,-673277.0549363057,-502.8421518304806,,
405,2023-02-24 11:04:56.993717,-676754,6.862879436681862,-673277.0549363057,-506.6306490989931,,
406,2023-02-24 11:04:57.193786,-676708,6.862879436681862,-673277.0549363057,-499.92792316239405,,
407,2023-02-24 11:04:57.394080,-676674,6.862879436681862,-673277.0549363057,-494.9737344266469,,
408,2023-02-24 11:04:57.595068,-676606,6.862879436681862,-673277.0549363057,-485.0653569551526,,
409,2023-02-24 11:04:57.795111,-676624,6.862879436681862,-673277.0549363057,-487.6881627564305,,
410,2023-02-24 11:04:57.995548,-676595,6.862879436681862,-673277.0549363057,-483.462531187705,,
411,2023-02-24 11:04:58.196142,-676641,6.862879436681862,-673277.0549363057,-490.16525712430405,,
412,2023-02-24 11:04:58.393949,-676625,6.862879436681862,-673277.0549363057,-487.83387418983483,,
413,2023-02-24 11:04:58.596916,-676589,6.862879436681862,-673277.0549363057,-482.588262587279,,
414,2023-02-24 11:04:58.794530,-676592,6.862879436681862,-673277.0549363057,-483.025396887492,,
415,2023-02-24 11:04:58.997345,-676649,6.862879436681862,-673277.0549363057,-491.3309485915387,,
416,2023-02-24 11:04:59.197678,-676592,6.862879436681862,-673277.0549363057,-483.025396887492,,
417,2023-02-24 11:04:59.397956,-676599,6.862879436681862,-673277.0549363057,-484.0453769213223,,
418,2023-02-24 11:04:59.598203,-676537,6.862879436681862,-673277.0549363057,-475.011268050254,,
419,2023-02-24 11:04:59.798992,-676546,6.862879436681862,-673277.0549363057,-476.3226709508929,,
420,2023-02-24 11:04:59.999361,-676532,6.862879436681862,-673277.0549363057,-474.2827108832323,,
421,2023-02-24 11:05:00.199722,-676550,6.862879436681862,-673277.0549363057,-476.90551668451025,,
422,2023-02-24 11:05:00.400099,-676492,6.862879436681862,-673277.0549363057,-468.45425354705924,,
423,2023-02-24 11:05:00.600942,-676514,6.862879436681862,-673277.0549363057,-471.65990508195443,,
424,2023-02-24 11:05:00.800992,-676500,6.862879436681862,-673277.0549363057,-469.6199450142938,,
425,2023-02-24 11:05:01.000946,-676548,6.862879436681862,-673277.0549363057,-476.6140938177016,,
426,2023-02-24 11:05:01.201844,-676490,6.862879436681862,-673277.0549363057,-468.1628306802506,,
427,2023-02-24 11:05:01.399519,-676485,6.862879436681862,-673277.0549363057,-467.4342735132289,,
428,2023-02-24 11:05:01.602344,-676458,6.862879436681862,-673277.0549363057,-463.5000648113121,,
429,2023-02-24 11:05:01.792107,-676467,6.862879436681862,-673277.0549363057,-464.811467711951,,
430,2023-02-24 11:05:02.003600,-676462,6.862879436681862,-673277.0549363057,-464.0829105449294,,
431,2023-02-24 11:05:02.202992,-676335,6.862879436681862,-673277.0549363057,-445.57755850257973,,
432,2023-02-24 11:05:02.403739,-676342,6.862879436681862,-673277.0549363057,-446.59753853641007,,
433,2023-02-24 11:05:02.603922,-676324,6.862879436681862,-673277.0549363057,-443.97473273513214,,
434,2023-02-24 11:05:02.804348,-676316,6.862879436681862,-673277.0549363057,-442.8090412678975,,
435,2023-02-24 11:05:03.004785,-676302,6.862879436681862,-673277.0549363057,-440.76908120023694,,
436,2023-02-24 11:05:03.205100,-676348,6.862879436681862,-673277.0549363057,-447.471807136836,,
437,2023-02-24 11:05:03.406148,-676266,6.862879436681862,-673277.0549363057,-435.5234695976811,,
438,2023-02-24 11:05:03.606140,-676291,6.862879436681862,-673277.0549363057,-439.16625543278934,,
439,2023-02-24 11:05:03.806971,-676284,6.862879436681862,-673277.0549363057,-438.146275398959,,
440,2023-02-24 11:05:04.006645,-676242,6.862879436681862,-673277.0549363057,-432.0263951959773,,
441,2023-02-24 11:05:04.207464,-676290,6.862879436681862,-673277.0549363057,-439.020543999385,,
442,2023-02-24 11:05:04.408250,-676292,6.862879436681862,-673277.0549363057,-439.31196686619364,,
443,2023-02-24 11:05:04.608408,-676242,6.862879436681862,-673277.0549363057,-432.0263951959773,,
444,2023-02-24 11:05:04.807381,-676214,6.862879436681862,-673277.0549363057,-427.9464750606561,,
445,2023-02-24 11:05:05.008453,-676206,6.862879436681862,-673277.0549363057,-426.78078359342146,,
446,2023-02-24 11:05:05.209324,-676157,6.862879436681862,-673277.0549363057,-419.6409233566094,,
447,2023-02-24 11:05:05.408308,-676180,6.862879436681862,-673277.0549363057,-422.99228632490895,,
448,2023-02-24 11:05:05.608413,-676155,6.862879436681862,-673277.0549363057,-419.34950048980073,,
449,2023-02-24 11:05:05.808370,-676144,6.862879436681862,-673277.0549363057,-417.74667472235313,,
450,2023-02-24 11:05:06.011326,-676175,6.862879436681862,-673277.0549363057,-422.26372915788727,,
451,2023-02-24 11:05:06.211260,-676119,6.862879436681862,-673277.0549363057,-414.1038888872449,,
452,2023-02-24 11:05:06.408286,-676088,6.862879436681862,-673277.0549363057,-409.5868344517108,,
453,2023-02-24 11:05:06.608325,-676133,6.862879436681862,-673277.0549363057,-416.14384895490554,,
454,2023-02-24 11:05:06.808287,-676121,6.862879436681862,-673277.0549363057,-414.3953117540536,,
455,2023-02-24 11:05:07.008409,-676122,6.862879436681862,-673277.0549363057,-414.54102318745794,,
456,2023-02-24 11:05:07.213008,-676081,6.862879436681862,-673277.0549363057,-408.5668544178805,,
457,2023-02-24 11:05:07.413396,-676023,6.862879436681862,-673277.0549363057,-400.11559128042944,,
458,2023-02-24 11:05:07.608247,-676081,6.862879436681862,-673277.0549363057,-408.5668544178805,,
459,2023-02-24 11:05:07.810454,-675998,6.862879436681862,-673277.0549363057,-396.4728054453213,,
460,2023-02-24 11:05:08.008292,-676031,6.862879436681862,-673277.0549363057,-401.2812827476641,,
461,2023-02-24 11:05:08.214857,-676004,6.862879436681862,-673277.0549363057,-397.34707404574726,,
462,2023-02-24 11:05:08.408243,-676017,6.862879436681862,-673277.0549363057,-399.2413226800035,,
463,2023-02-24 11:05:08.608247,-676023,6.862879436681862,-673277.0549363057,-400.11559128042944,,
464,2023-02-24 11:05:08.808293,-676073,6.862879436681862,-673277.0549363057,-407.40116295064587,,
465,2023-02-24 11:05:09.008326,-676012,6.862879436681862,-673277.0549363057,-398.51276551298184,,
466,2023-02-24 11:05:09.216923,-676006,6.862879436681862,-673277.0549363057,-397.63849691255587,,
467,2023-02-24 11:05:09.408248,-675922,6.862879436681862,-673277.0549363057,-385.39873650659234,,
468,2023-02-24 11:05:09.608252,-675907,6.862879436681862,-673277.0549363057,-383.2130650055274,,
469,2023-02-24 11:05:09.808336,-675956,6.862879436681862,-673277.0549363057,-390.3529252423395,,
470,2023-02-24 11:05:10.008170,-675917,6.862879436681862,-673277.0549363057,-384.6701793395707,,
471,2023-02-24 11:05:10.218709,-675910,6.862879436681862,-673277.0549363057,-383.65019930574044,,
472,2023-02-24 11:05:10.416278,-675856,6.862879436681862,-673277.0549363057,-375.7817819019067,,
473,2023-02-24 11:05:10.608242,-675834,6.862879436681862,-673277.0549363057,-372.5761303670115,,
474,2023-02-24 11:05:10.808381,-675875,6.862879436681862,-673277.0549363057,-378.55029913658893,,
475,2023-02-24 11:05:11.008179,-675828,6.862879436681862,-673277.0549363057,-371.7018617665855,,
476,2023-02-24 11:05:11.220712,-675824,6.862879436681862,-673277.0549363057,-371.1190160329682,,
477,2023-02-24 11:05:11.408655,-675861,6.862879436681862,-673277.0549363057,-376.5103390689284,,
478,2023-02-24 11:05:11.608228,-675817,6.862879436681862,-673277.0549363057,-370.0990359991379,,
479,2023-02-24 11:05:11.821819,-675797,6.862879436681862,-673277.0549363057,-367.1848073310514,,
480,2023-02-24 11:05:12.008247,-675858,6.862879436681862,-673277.0549363057,-376.07320476871536,,
481,2023-02-24 11:05:12.221993,-675813,6.862879436681862,-673277.0549363057,-369.5161902655206,,
482,2023-02-24 11:05:12.408262,-675781,6.862879436681862,-673277.0549363057,-364.8534243965821,,
483,2023-02-24 11:05:12.608254,-675744,6.862879436681862,-673277.0549363057,-359.462101360622,,
484,2023-02-24 11:05:12.823810,-675730,6.862879436681862,-673277.0549363057,-357.4221412929614,,
485,2023-02-24 11:05:13.011628,-675739,6.862879436681862,-673277.0549363057,-358.7335441936004,,
486,2023-02-24 11:05:13.224500,-675737,6.862879436681862,-673277.0549363057,-358.4421213267917,,
487,2023-02-24 11:05:13.424191,-675685,6.862879436681862,-673277.0549363057,-350.86512678976663,,
488,2023-02-24 11:05:13.624666,-675681,6.862879436681862,-673277.0549363057,-350.2822810561494,,
489,2023-02-24 11:05:13.824987,-675720,6.862879436681862,-673277.0549363057,-355.96502695891814,,
490,2023-02-24 11:05:14.025813,-675696,6.862879436681862,-673277.0549363057,-352.4679525572143,,
491,2023-02-24 11:05:14.226233,-675708,6.862879436681862,-673277.0549363057,-354.2164897580662,,
492,2023-02-24 11:05:14.425990,-675642,6.862879436681862,-673277.0549363057,-344.59953515338054,,
493,2023-02-24 11:05:14.626867,-675678,6.862879436681862,-673277.0549363057,-349.84514675593636,,
494,2023-02-24 11:05:14.826902,-675605,6.862879436681862,-673277.0549363057,-339.20821211742043,,
495,2023-02-24 11:05:15.027879,-675574,6.862879436681862,-673277.0549363057,-334.6911576818863,,
496,2023-02-24 11:05:15.228253,-675580,6.862879436681862,-673277.0549363057,-335.5654262823122,,
497,2023-02-24 11:05:15.427824,-675568,6.862879436681862,-673277.0549363057,-333.8168890814603,,
498,2023-02-24 11:05:15.623802,-675566,6.862879436681862,-673277.0549363057,-333.52546621465166,,
499,2023-02-24 11:05:15.829141,-675550,6.862879436681862,-673277.0549363057,-331.1940832801824,,
500,2023-02-24 11:05:16.024291,-675495,6.862879436681862,-673277.0549363057,-323.1799544429444,,
501,2023-02-24 11:05:16.230096,-675542,6.862879436681862,-673277.0549363057,-330.0283918129478,,
502,2023-02-24 11:05:16.429916,-675513,6.862879436681862,-673277.0549363057,-325.80276024422227,,
503,2023-02-24 11:05:16.630013,-675520,6.862879436681862,-673277.0549363057,-326.82274027805255,,
504,2023-02-24 11:05:16.831374,-675548,6.862879436681862,-673277.0549363057,-330.9026604133737,,
505,2023-02-24 11:05:17.031706,-675490,6.862879436681862,-673277.0549363057,-322.4513972759227,,
506,2023-02-24 11:05:17.231926,-675498,6.862879436681862,-673277.0549363057,-323.61708874315735,,
507,2023-02-24 11:05:17.431775,-675523,6.862879436681862,-673277.0549363057,-327.25987457826557,,
508,2023-02-24 11:05:17.632925,-675492,6.862879436681862,-673277.0549363057,-322.7428201427314,,
509,2023-02-24 11:05:17.832423,-675470,6.862879436681862,-673277.0549363057,-319.5371686078362,,
510,2023-02-24 11:05:18.032970,-675441,6.862879436681862,-673277.0549363057,-315.31153703911065,,
511,2023-02-24 11:05:18.233451,-675439,6.862879436681862,-673277.0549363057,-315.020114172302,,
512,2023-02-24 11:05:18.433801,-675439,6.862879436681862,-673277.0549363057,-315.020114172302,,
513,2023-02-24 11:05:18.624646,-675381,6.862879436681862,-673277.0549363057,-306.568851034851,,
514,2023-02-24 11:05:18.834291,-675407,6.862879436681862,-673277.0549363057,-310.3573483033635,,
515,2023-02-24 11:05:19.023953,-675401,6.862879436681862,-673277.0549363057,-309.4830797029376,,
516,2023-02-24 11:05:19.235154,-675395,6.862879436681862,-673277.0549363057,-308.6088111025116,,
517,2023-02-24 11:05:19.436231,-675452,6.862879436681862,-673277.0549363057,-316.9143628065583,,
518,2023-02-24 11:05:19.636101,-675396,6.862879436681862,-673277.0549363057,-308.7545225359159,,
519,2023-02-24 11:05:19.836459,-675378,6.862879436681862,-673277.0549363057,-306.131716734638,,
520,2023-02-24 11:05:20.037133,-675323,6.862879436681862,-673277.0549363057,-298.11758789739997,,
521,2023-02-24 11:05:20.237482,-675303,6.862879436681862,-673277.0549363057,-295.20335922931343,,
522,2023-02-24 11:05:20.438130,-675260,6.862879436681862,-673277.0549363057,-288.93776759292734,,
523,2023-02-24 11:05:20.637549,-675286,6.862879436681862,-673277.0549363057,-292.72626486143986,,
524,2023-02-24 11:05:20.837769,-675279,6.862879436681862,-673277.0549363057,-291.7062848276096,,
525,2023-02-24 11:05:21.039003,-675284,6.862879436681862,-673277.0549363057,-292.4348419946312,,
526,2023-02-24 11:05:21.238863,-675299,6.862879436681862,-673277.0549363057,-294.6205134956961,,
527,2023-02-24 11:05:21.439927,-675255,6.862879436681862,-673277.0549363057,-288.20921042590567,,
528,2023-02-24 11:05:21.630216,-675249,6.862879436681862,-673277.0549363057,-287.33494182547975,,
529,2023-02-24 11:05:21.840641,-675243,6.862879436681862,-673277.0549363057,-286.46067322505377,,
530,2023-02-24 11:05:22.026187,-675283,6.862879436681862,-673277.0549363057,-292.2891305612269,,
531,2023-02-24 11:05:22.240713,-675159,6.862879436681862,-673277.0549363057,-274.22091281909024,,
532,2023-02-24 11:05:22.441662,-675196,6.862879436681862,-673277.0549363057,-279.61223585505036,,
533,2023-02-24 11:05:22.641835,-675195,6.862879436681862,-673277.0549363057,-279.466524421646,,
534,2023-02-24 11:05:22.841927,-675155,6.862879436681862,-673277.0549363057,-273.6380670854729,,
535,2023-02-24 11:05:23.042922,-675116,6.862879436681862,-673277.0549363057,-267.9553211827041,,
536,2023-02-24 11:05:23.242726,-675182,6.862879436681862,-673277.0549363057,-277.57227578738974,,
537,2023-02-24 11:05:23.443639,-675115,6.862879436681862,-673277.0549363057,-267.8096097492998,,
538,2023-02-24 11:05:23.643552,-675128,6.862879436681862,-673277.0549363057,-269.70385838355605,,
539,2023-02-24 11:05:23.844298,-675116,6.862879436681862,-673277.0549363057,-267.9553211827041,,
540,2023-02-24 11:05:24.044213,-675104,6.862879436681862,-673277.0549363057,-266.2067839818522,,
541,2023-02-24 11:05:24.244218,-675057,6.862879436681862,-673277.0549363057,-259.3583466118488,,
542,2023-02-24 11:05:24.445257,-675105,6.862879436681862,-673277.0549363057,-266.3524954152565,,
543,2023-02-24 11:05:24.632573,-675063,6.862879436681862,-673277.0549363057,-260.23261521227477,,
544,2023-02-24 11:05:24.846274,-675044,6.862879436681862,-673277.0549363057,-257.46409797759253,,
545,2023-02-24 11:05:25.033481,-675022,6.862879436681862,-673277.0549363057,-254.2584464426973,,
546,2023-02-24 11:05:25.246866,-674980,6.862879436681862,-673277.0549363057,-248.13856623971554,,
547,2023-02-24 11:05:25.447041,-674987,6.862879436681862,-673277.0549363057,-249.15854627354582,,
548,2023-02-24 11:05:25.647490,-674930,6.862879436681862,-673277.0549363057,-240.85299456949915,,
549,2023-02-24 11:05:25.847972,-674970,6.862879436681862,-673277.0549363057,-246.68145190567225,,
550,2023-02-24 11:05:26.048368,-674939,6.862879436681862,-673277.0549363057,-242.16439747013808,,
551,2023-02-24 11:05:26.248571,-674970,6.862879436681862,-673277.0549363057,-246.68145190567225,,
552,2023-02-24 11:05:26.449081,-674950,6.862879436681862,-673277.0549363057,-243.7672232375857,,
553,2023-02-24 11:05:26.649497,-674891,6.862879436681862,-673277.0549363057,-235.17024866673037,,
554,2023-02-24 11:05:26.849435,-674915,6.862879436681862,-673277.0549363057,-238.66732306843423,,
555,2023-02-24 11:05:27.050206,-674897,6.862879436681862,-673277.0549363057,-236.04451726715632,,
556,2023-02-24 11:05:27.250544,-674882,6.862879436681862,-673277.0549363057,-233.8588457660914,,
557,2023-02-24 11:05:27.450720,-674889,6.862879436681862,-673277.0549363057,-234.8788257999217,,
558,2023-02-24 11:05:27.637971,-674878,6.862879436681862,-673277.0549363057,-233.2760000324741,,
559,2023-02-24 11:05:27.851804,-674874,6.862879436681862,-673277.0549363057,-232.6931542988568,,
560,2023-02-24 11:05:28.038875,-674760,6.862879436681862,-673277.0549363057,-216.0820508907634,,
561,2023-02-24 11:05:28.251954,-674814,6.862879436681862,-673277.0549363057,-223.95046829459713,,
562,2023-02-24 11:05:28.452895,-674790,6.862879436681862,-673277.0549363057,-220.45339389289325,,
563,2023-02-24 11:05:28.652923,-674732,6.862879436681862,-673277.0549363057,-212.00213075544224,,
564,2023-02-24 11:05:28.853268,-674788,6.862879436681862,-673277.0549363057,-220.1619710260846,,
565,2023-02-24 11:05:29.053940,-674755,6.862879436681862,-673277.0549363057,-215.35349372374176,,
566,2023-02-24 11:05:29.254170,-674837,6.862879436681862,-673277.0549363057,-227.30183126289666,,
567,2023-02-24 11:05:29.454026,-674821,6.862879436681862,-673277.0549363057,-224.9704483284274,,
568,2023-02-24 11:05:29.654806,-674849,6.862879436681862,-673277.0549363057,-229.05036846374858,,
569,2023-02-24 11:05:29.855024,-674770,6.862879436681862,-673277.0549363057,-217.53916522480668,,
570,2023-02-24 11:05:30.055491,-674728,6.862879436681862,-673277.0549363057,-211.41928502182492,,
571,2023-02-24 11:05:30.255780,-674810,6.862879436681862,-673277.0549363057,-223.3676225609798,,
572,2023-02-24 11:05:30.455900,-674672,6.862879436681862,-673277.0549363057,-203.25944475118257,,
573,2023-02-24 11:05:30.856117,-674702,6.862879436681862,-673277.0549363057,-207.6307877533124,,
574,2023-02-24 11:05:31.051216,-674672,6.862879436681862,-673277.0549363057,-203.25944475118257,,
575,2023-02-24 11:05:31.257638,-674697,6.862879436681862,-673277.0549363057,-206.90223058629076,,
576,2023-02-24 11:05:31.457752,-674661,6.862879436681862,-673277.0549363057,-201.65661898373497,,
577,2023-02-24 11:05:31.657573,-674678,6.862879436681862,-673277.0549363057,-204.13371335160852,,
578,2023-02-24 11:05:31.857735,-674662,6.862879436681862,-673277.0549363057,-201.8023304171393,,
579,2023-02-24 11:05:32.057617,-674653,6.862879436681862,-673277.0549363057,-200.49092751650034,,
580,2023-02-24 11:05:32.257664,-674658,6.862879436681862,-673277.0549363057,-201.21948468352198,,
581,2023-02-24 11:05:32.458005,-674508,6.862879436681862,-673277.0549363057,-179.36276967287282,,
582,2023-02-24 11:05:32.659018,-674551,6.862879436681862,-673277.0549363057,-185.6283613092589,,
583,2023-02-24 11:05:32.857325,-674551,6.862879436681862,-673277.0549363057,-185.6283613092589,,
584,2023-02-24 11:05:33.057714,-674527,6.862879436681862,-673277.0549363057,-182.13128690755502,,
585,2023-02-24 11:05:33.259044,-674555,6.862879436681862,-673277.0549363057,-186.2112070428762,,
586,2023-02-24 11:05:33.457596,-674503,6.862879436681862,-673277.0549363057,-178.63421250585117,,
587,2023-02-24 11:05:33.657694,-674501,6.862879436681862,-673277.0549363057,-178.3427896390425,,
588,2023-02-24 11:05:33.857566,-674524,6.862879436681862,-673277.0549363057,-181.69415260734203,,
589,2023-02-24 11:05:34.059757,-674514,6.862879436681862,-673277.0549363057,-180.23703827329877,,
590,2023-02-24 11:05:34.257555,-674489,6.862879436681862,-673277.0549363057,-176.59425243819058,,
591,2023-02-24 11:05:34.457569,-674486,6.862879436681862,-673277.0549363057,-176.1571181379776,,
592,2023-02-24 11:05:34.657459,-674480,6.862879436681862,-673277.0549363057,-175.2828495375516,,
593,2023-02-24 11:05:34.857538,-674442,6.862879436681862,-673277.0549363057,-169.74581506818717,,
594,2023-02-24 11:05:35.057541,-674450,6.862879436681862,-673277.0549363057,-170.91150653542178,,
595,2023-02-24 11:05:35.258010,-674381,6.862879436681862,-673277.0549363057,-160.85741763052317,,
596,2023-02-24 11:05:35.457606,-674310,6.862879436681862,-673277.0549363057,-150.51190585881588,,
597,2023-02-24 11:05:35.665659,-674389,6.862879436681862,-673277.0549363057,-162.02310909775778,,
598,2023-02-24 11:05:35.858336,-674393,6.862879436681862,-673277.0549363057,-162.6059548313751,,
599,2023-02-24 11:05:36.057450,-674373,6.862879436681862,-673277.0549363057,-159.69172616328854,,
600,2023-02-24 11:05:36.262423,-674374,6.862879436681862,-673277.0549363057,-159.83743759669287,,
601,2023-02-24 11:05:36.457425,-674330,6.862879436681862,-673277.0549363057,-153.42613452690244,,
602,2023-02-24 11:05:36.667767,-674313,6.862879436681862,-673277.0549363057,-150.94904015902887,,
603,2023-02-24 11:05:36.858663,-674329,6.862879436681862,-673277.0549363057,-153.28042309349811,,
604,2023-02-24 11:05:37.053011,-674303,6.862879436681862,-673277.0549363057,-149.4919258249856,,
605,2023-02-24 11:05:37.268575,-674289,6.862879436681862,-673277.0549363057,-147.451965757325,,
606,2023-02-24 11:05:37.457493,-674328,6.862879436681862,-673277.0549363057,-153.13471166009379,,
607,2023-02-24 11:05:37.657445,-674248,6.862879436681862,-673277.0549363057,-141.47779698774755,,
608,2023-02-24 11:05:37.857384,-674283,6.862879436681862,-673277.0549363057,-146.57769715689903,,
609,2023-02-24 11:05:38.057427,-674211,6.862879436681862,-673277.0549363057,-136.08647395178744,,
610,2023-02-24 11:05:38.257484,-674258,6.862879436681862,-673277.0549363057,-142.93491132179085,,
611,2023-02-24 11:05:38.457317,-674248,6.862879436681862,-673277.0549363057,-141.47779698774755,,
612,2023-02-24 11:05:38.657376,-674219,6.862879436681862,-673277.0549363057,-137.25216541902205,,
613,2023-02-24 11:05:38.871164,-674168,6.862879436681862,-673277.0549363057,-129.82088231540135,,
614,2023-02-24 11:05:39.060620,-674219,6.862879436681862,-673277.0549363057,-137.25216541902205,,
615,2023-02-24 11:05:39.258546,-674231,6.862879436681862,-673277.0549363057,-139.000702619874,,
616,2023-02-24 11:05:39.458027,-674193,6.862879436681862,-673277.0549363057,-133.46366815050953,,
617,2023-02-24 11:05:39.658952,-674186,6.862879436681862,-673277.0549363057,-132.44368811667923,,
618,2023-02-24 11:05:39.874030,-674186,6.862879436681862,-673277.0549363057,-132.44368811667923,,
619,2023-02-24 11:05:40.059494,-674120,6.862879436681862,-673277.0549363057,-122.82673351199361,,
620,2023-02-24 11:05:40.274390,-674146,6.862879436681862,-673277.0549363057,-126.61523078050612,,
621,2023-02-24 11:05:40.474436,-674144,6.862879436681862,-673277.0549363057,-126.32380791369746,,
622,2023-02-24 11:05:40.674982,-674061,6.862879436681862,-673277.0549363057,-114.22975894113826,,
623,2023-02-24 11:05:40.875638,-674122,6.862879436681862,-673277.0549363057,-123.11815637880225,,
624,2023-02-24 11:05:41.075437,-674088,6.862879436681862,-673277.0549363057,-118.16396764305512,,
625,2023-02-24 11:05:41.275800,-674043,6.862879436681862,-673277.0549363057,-111.60695313986037,,
626,2023-02-24 11:05:41.476360,-674038,6.862879436681862,-673277.0549363057,-110.87839597283872,,
627,2023-02-24 11:05:41.676952,-674103,6.862879436681862,-673277.0549363057,-120.34963914412003,,
628,2023-02-24 11:05:41.862973,-674139,6.862879436681862,-673277.0549363057,-125.59525074667583,,
629,2023-02-24 11:05:42.077696,-674086,6.862879436681862,-673277.0549363057,-117.87254477624646,,
630,2023-02-24 11:05:42.264609,-674013,6.862879436681862,-673277.0549363057,-107.23561013773053,,
631,2023-02-24 11:05:42.478489,-674027,6.862879436681862,-673277.0549363057,-109.27557020539112,,
632,2023-02-24 11:05:42.678711,-674047,6.862879436681862,-673277.0549363057,-112.18979887347767,,
633,2023-02-24 11:05:42.879095,-673958,6.862879436681862,-673277.0549363057,-99.2214813004925,,
634,2023-02-24 11:05:43.079525,-673941,6.862879436681862,-673277.0549363057,-96.74438693261892,,
635,2023-02-24 11:05:43.279999,-673912,6.862879436681862,-673277.0549363057,-92.51875536389342,,
636,2023-02-24 11:05:43.479914,-673946,6.862879436681862,-673277.0549363057,-97.47294409964056,,
637,2023-02-24 11:05:43.680959,-673898,6.862879436681862,-673277.0549363057,-90.47879529623282,,
638,2023-02-24 11:05:43.880574,-673893,6.862879436681862,-673277.0549363057,-89.75023812921118,,
639,2023-02-24 11:05:44.081611,-673902,6.862879436681862,-673277.0549363057,-91.06164102985014,,
640,2023-02-24 11:05:44.281814,-673905,6.862879436681862,-673277.0549363057,-91.49877533006313,,
641,2023-02-24 11:05:44.482084,-673874,6.862879436681862,-673277.0549363057,-86.98172089452896,,
642,2023-02-24 11:05:44.682404,-673850,6.862879436681862,-673277.0549363057,-83.48464649282509,,
643,2023-02-24 11:05:44.871303,-673874,6.862879436681862,-673277.0549363057,-86.98172089452896,,
644,2023-02-24 11:05:45.083058,-673778,6.862879436681862,-673277.0549363057,-72.99342328771348,,
645,2023-02-24 11:05:45.271425,-673773,6.862879436681862,-673277.0549363057,-72.26486612069185,,
646,2023-02-24 11:05:45.483661,-673794,6.862879436681862,-673277.0549363057,-75.32480622218273,,
647,2023-02-24 11:05:45.683548,-673743,6.862879436681862,-673277.0549363057,-67.89352311856202,,
648,2023-02-24 11:05:45.885137,-673750,6.862879436681862,-673277.0549363057,-68.91350315239231,,
649,2023-02-24 11:05:46.084947,-673732,6.862879436681862,-673277.0549363057,-66.2906973511144,,
650,2023-02-24 11:05:46.285837,-673748,6.862879436681862,-673277.0549363057,-68.62208028558365,,
651,2023-02-24 11:05:46.485962,-673797,6.862879436681862,-673277.0549363057,-75.76194052239572,,
652,2023-02-24 11:05:46.686016,-673820,6.862879436681862,-673277.0549363057,-79.11330349069526,,
653,2023-02-24 11:05:46.886977,-673777,6.862879436681862,-673277.0549363057,-72.84771185430915,,
654,2023-02-24 11:05:47.087189,-673728,6.862879436681862,-673277.0549363057,-65.7078516174971,,
655,2023-02-24 11:05:47.287808,-673704,6.862879436681862,-673277.0549363057,-62.21077721579322,,
656,2023-02-24 11:05:47.488242,-673696,6.862879436681862,-673277.0549363057,-61.045085748558606,,
657,2023-02-24 11:05:47.688362,-673683,6.862879436681862,-673277.0549363057,-59.15083711430234,,
658,2023-02-24 11:05:47.888712,-673699,6.862879436681862,-673277.0549363057,-61.48222004877159,,
659,2023-02-24 11:05:48.088757,-673631,6.862879436681862,-673277.0549363057,-51.5738425772773,,
660,2023-02-24 11:05:48.275050,-673594,6.862879436681862,-673277.0549363057,-46.18251954131716,,
661,2023-02-24 11:05:48.489512,-673572,6.862879436681862,-673277.0549363057,-42.97686800642195,,
662,2023-02-24 11:05:48.689994,-673592,6.862879436681862,-673277.0549363057,-45.89109667450851,,
663,2023-02-24 11:05:48.889853,-673594,6.862879436681862,-673277.0549363057,-46.18251954131716,,
664,2023-02-24 11:05:49.090401,-673624,6.862879436681862,-673277.0549363057,-50.553862543446996,,
665,2023-02-24 11:05:49.291514,-673576,6.862879436681862,-673277.0549363057,-43.559713740039264,,
666,2023-02-24 11:05:49.491456,-673603,6.862879436681862,-673277.0549363057,-47.493922441956116,,
667,2023-02-24 11:05:49.691907,-673576,6.862879436681862,-673277.0549363057,-43.559713740039264,,
668,2023-02-24 11:05:49.892637,-673543,6.862879436681862,-673277.0549363057,-38.75123643769644,,
669,2023-02-24 11:05:50.092742,-673509,6.862879436681862,-673277.0549363057,-33.797047701949296,,
670,2023-02-24 11:05:50.292507,-673528,6.862879436681862,-673277.0549363057,-36.565564936631525,,
671,2023-02-24 11:05:50.492867,-673502,6.862879436681862,-673277.0549363057,-32.777067668119,,
672,2023-02-24 11:05:50.692920,-673512,6.862879436681862,-673277.0549363057,-34.23418200216228,,
673,2023-02-24 11:05:50.880778,-673524,6.862879436681862,-673277.0549363057,-35.98271920301421,,
674,2023-02-24 11:05:51.094461,-673457,6.862879436681862,-673277.0549363057,-26.220053164924252,,
675,2023-02-24 11:05:51.282248,-673456,6.862879436681862,-673277.0549363057,-26.074341731519922,,
676,2023-02-24 11:05:51.495314,-673482,6.862879436681862,-673277.0549363057,-29.862839000032448,,
677,2023-02-24 11:05:51.696633,-673494,6.862879436681862,-673277.0549363057,-31.61137620088438,,
678,2023-02-24 11:05:51.895808,-673452,6.862879436681862,-673277.0549363057,-25.49149599790261,,
679,2023-02-24 11:05:52.096118,-673474,6.862879436681862,-673277.0549363057,-28.697147532797825,,
680,2023-02-24 11:05:52.297099,-673386,6.862879436681862,-673277.0549363057,-15.874541393216974,,
681,2023-02-24 11:05:52.497201,-673385,6.862879436681862,-673277.0549363057,-15.728829959812646,,
682,2023-02-24 11:05:52.698393,-673394,6.862879436681862,-673277.0549363057,-17.040232860451596,,
683,2023-02-24 11:05:52.897659,-673352,6.862879436681862,-673277.0549363057,-10.920352657469829,,
684,2023-02-24 11:05:53.098213,-673310,6.862879436681862,-673277.0549363057,-4.80047245448806,,
685,2023-02-24 11:05:53.298241,-673263,6.862879436681862,-673277.0549363057,2.0479649155153483,,
686,2023-02-24 11:05:53.498954,-673245,6.862879436681862,-673277.0549363057,4.67077071679325,,
687,2023-02-24 11:05:53.699034,-673244,6.862879436681862,-673277.0549363057,4.816482150197578,,
688,2023-02-24 11:05:53.893244,-673315,6.862879436681862,-673277.0549363057,-5.529029621509698,,
689,2023-02-24 11:05:54.093976,-673260,6.862879436681862,-673277.0549363057,2.485099215728332,,
690,2023-02-24 11:05:54.294698,-673300,6.862879436681862,-673277.0549363057,-3.343358120444781,,
691,2023-02-24 11:05:54.500999,-673346,6.862879436681862,-673277.0549363057,-10.046084057043862,,
692,2023-02-24 11:05:54.696126,-673338,6.862879436681862,-673277.0549363057,-8.880392589809238,,
693,2023-02-24 11:05:54.901699,-673325,6.862879436681862,-673277.0549363057,-6.986143955552977,,
694,2023-02-24 11:05:55.102208,-673347,6.862879436681862,-673277.0549363057,-10.19179549044819,,
695,2023-02-24 11:05:55.302658,-673324,6.862879436681862,-673277.0549363057,-6.8404325221486495,,
696,2023-02-24 11:05:55.503028,-673351,6.862879436681862,-673277.0549363057,-10.774641224065501,,
697,2023-02-24 11:05:55.703363,-673350,6.862879436681862,-673277.0549363057,-10.628929790661173,,
698,2023-02-24 11:05:55.903257,-673342,6.862879436681862,-673277.0549363057,-9.46323832342655,,
699,2023-02-24 11:05:56.101077,-673402,6.862879436681862,-673277.0549363057,-18.20592432768622,,
700,2023-02-24 11:05:56.303515,-673344,6.862879436681862,-673277.0549363057,-9.754661190235206,,
701,2023-02-24 11:05:56.501439,-673386,6.862879436681862,-673277.0549363057,-15.874541393216974,,
702,2023-02-24 11:05:56.704553,-673416,6.862879436681862,-673277.0549363057,-20.24588439534681,,
703,2023-02-24 11:05:56.905486,-673426,6.862879436681862,-673277.0549363057,-21.70299872939009,,
704,2023-02-24 11:05:57.105875,-673376,6.862879436681862,-673277.0549363057,-14.417427059173697,,
705,2023-02-24 11:05:57.304038,-673400,6.862879436681862,-673277.0549363057,-17.914501460877563,,
706,2023-02-24 11:05:57.506898,-673410,6.862879436681862,-673277.0549363057,-19.371615794920842,,
707,2023-02-24 11:05:57.706880,-673361,6.862879436681862,-673277.0549363057,-12.231755558108778,,
708,2023-02-24 11:05:57.905224,-673271,6.862879436681862,-673277.0549363057,0.8822734482807258,,
709,2023-02-24 11:05:58.104626,-673335,6.862879436681862,-673277.0549363057,-8.443258289596255,,
710,2023-02-24 11:05:58.305191,-673335,6.862879436681862,-673277.0549363057,-8.443258289596255,,
711,2023-02-24 11:05:58.506893,-673331,6.862879436681862,-673277.0549363057,-7.860412555978944,,
712,2023-02-24 11:05:58.708883,-673339,6.862879436681862,-673277.0549363057,-9.026104023213566,,
713,2023-02-24 11:05:58.906886,-673367,6.862879436681862,-673277.0549363057,-13.106024158534746,,
714,2023-02-24 11:05:59.107560,-673326,6.862879436681862,-673277.0549363057,-7.131855388957305,,
715,2023-02-24 11:05:59.307501,-673342,6.862879436681862,-673277.0549363057,-9.46323832342655,,
716,2023-02-24 11:05:59.509493,-673377,6.862879436681862,-673277.0549363057,-14.563138492578025,,
717,2023-02-24 11:05:59.710015,-673346,6.862879436681862,-673277.0549363057,-10.046084057043862,,
718,2023-02-24 11:05:59.908524,-673352,6.862879436681862,-673277.0549363057,-10.920352657469829,,
719,2023-02-24 11:06:00.108916,-673338,6.862879436681862,-673277.0549363057,-8.880392589809238,,
720,2023-02-24 11:06:00.309259,-673368,6.862879436681862,-673277.0549363057,-13.251735591939074,,
721,2023-02-24 11:06:00.509887,-673311,6.862879436681862,-673277.0549363057,-4.946183887892388,,
722,2023-02-24 11:06:00.712252,-673381,6.862879436681862,-673277.0549363057,-15.145984226195335,,
723,2023-02-24 11:06:00.910369,-673399,6.862879436681862,-673277.0549363057,-17.768790027473237,,
724,2023-02-24 11:06:01.113618,-673380,6.862879436681862,-673277.0549363057,-15.000272792791009,,
725,2023-02-24 11:06:01.310724,-673419,6.862879436681862,-673277.0549363057,-20.68301869555979,,
726,2023-02-24 11:06:01.511068,-673397,6.862879436681862,-673277.0549363057,-17.47736716066458,,
727,2023-02-24 11:06:01.713851,-673411,6.862879436681862,-673277.0549363057,-19.517327228325172,,
728,2023-02-24 11:06:01.912254,-673395,6.862879436681862,-673277.0549363057,-17.185944293855925,,
729,2023-02-24 11:06:02.112325,-673303,6.862879436681862,-673277.0549363057,-3.780492420657765,,
730,2023-02-24 11:06:02.312319,-673399,6.862879436681862,-673277.0549363057,-17.768790027473237,,
731,2023-02-24 11:06:02.515384,-673374,6.862879436681862,-673277.0549363057,-14.126004192365041,,
732,2023-02-24 11:06:02.715748,-673376,6.862879436681862,-673277.0549363057,-14.417427059173697,,
733,2023-02-24 11:06:02.916792,-673352,6.862879436681862,-673277.0549363057,-10.920352657469829,,
734,2023-02-24 11:06:03.116927,-673308,6.862879436681862,-673277.0549363057,-4.509049587679404,,
735,2023-02-24 11:06:03.317426,-673337,6.862879436681862,-673277.0549363057,-8.73468115640491,,
736,2023-02-24 11:06:03.517343,-673372,6.862879436681862,-673277.0549363057,-13.834581325556385,,
737,2023-02-24 11:06:03.717620,-673335,6.862879436681862,-673277.0549363057,-8.443258289596255,,
738,2023-02-24 11:06:03.918344,-673363,6.862879436681862,-673277.0549363057,-12.523178424917434,,
739,2023-02-24 11:06:04.118596,-673387,6.862879436681862,-673277.0549363057,-16.020252826621302,,
740,2023-02-24 11:06:04.317737,-673369,6.862879436681862,-673277.0549363057,-13.397447025343402,,
741,2023-02-24 11:06:04.519703,-673333,6.862879436681862,-673277.0549363057,-8.151835422787599,,
742,2023-02-24 11:06:04.720089,-673372,6.862879436681862,-673277.0549363057,-13.834581325556385,,
743,2023-02-24 11:06:04.920405,-673352,6.862879436681862,-673277.0549363057,-10.920352657469829,,
744,2023-02-24 11:06:05.120886,-673371,6.862879436681862,-673277.0549363057,-13.688869892152058,,
745,2023-02-24 11:06:05.319759,-673362,6.862879436681862,-673277.0549363057,-12.377466991513106,,
746,2023-02-24 11:06:05.521414,-673417,6.862879436681862,-673277.0549363057,-20.391595828751136,,
747,2023-02-24 11:06:05.719462,-673388,6.862879436681862,-673277.0549363057,-16.165964260025632,,
748,2023-02-24 11:06:05.921723,-673405,6.862879436681862,-673277.0549363057,-18.643058627899205,,
749,2023-02-24 11:06:06.120091,-673395,6.862879436681862,-673277.0549363057,-17.185944293855925,,
750,2023-02-24 11:06:06.320547,-673378,6.862879436681862,-673277.0549363057,-14.708849925982353,,
